rooms,parcing_space,layout,price,balcony,bathroom,living,apartment_condition,author,building_type,housing_stock,developer,total_floors,floor,region,city,sector,street,area
2-х комнатная квартира,Oткрытое,Брж (Брежневка),59900.0,2,1,,Косметический pемонт,Агентство,Kотельцовый,Вторичный,,5,5.0,Кишинёв мун.,Кишинёв,Ботаника,Sarmizegetusa 37/4,46
2-х комнатная квартира,Oткрытое,Хрущевка,55000.0,Нет,1,,Без ремонта,Агентство,Kотельцовый,Вторичный,,3,1.0,Кишинёв мун.,Кишинёв,Телецентр,M. Lomonosov 43,40
2-х комнатная квартира,Подземная,,101200.0,1,2,Квартира с ливингом,Белый вариант,Агентство,,Новострой,,16,6.0,Кишинёв мун.,Кишинёв,Рышкановка,str. Calea Moșilor 4,68
2-х комнатная квартира,,,128900.0,1,2,,Белый вариант,Агентство,,Новострой,,12,8.0,Расположение,,,,65
1-комнатная квартира,Oткрытое,,89900.0,,1,Квартира с ливингом,Eвроремонт,Агентство,Kомбинированный,Новострой,,10,1.0,Кишинёв мун.,Дурлешты,Центр,str. Tudor Vladimirescu 75/1,42
1-комнатная квартира,,,67900.0,,1,Квартира с ливингом,Сдан в эксплуатацию,Частное лицо,Kомбинированный,Новострой,Basconslux,9,6.0,Страшены,Страшены,Центр,str. Ştefan cel Mare și Sfînt 48,60
1-комнатная квартира,,,75500.0,,,Квартира с ливингом,,Агентство,,Новострой,,8,3.0,Кишинёв мун.,Кишинёв,Рышкановка,str. Postei --,37
1-комнатная квартира,Oткрытое,,61500.0,,,,Eвроремонт,Частное лицо,,Вторичный,,4,3.0,Кишинёв мун.,Кишинёв,Центр,str. George Coșbuc 7,20
1-комнатная квартира,Oткрытое,,86900.0,,1,,Eвроремонт,Агентство,,Новострой,,10,4.0,Кишинёв мун.,Кишинёв,Чокана,str. Nicolae Milescu Spatarul .,35
3-х комнатная квартира,,,95000.0,,1,,Косметический pемонт,Частное лицо,Kирпичный,Вторичный,,2,1.0,Унгены,Унгень,Центр,str. Mihai Eminescu 23,63
1-комнатная квартира,Oткрытое,,38800.0,1,,,Eвроремонт,Частное лицо,Kотельцовый,Вторичный,,5,1.0,Расположение,,,,30
3-х комнатная квартира,Подземная,,189900.0,,1,Квартира с ливингом,Белый вариант,Агентство,,Новострой,,12,8.0,Кишинёв мун.,Кишинёв,Буюканы,str. Calea Ieșilor 6,82
2-х комнатная квартира,,,88900.0,,,Квартира с ливингом,,Агентство,,Новострой,Poliprim Grup,9,4.0,Кишинёв мун.,Дурлешты,Центр,str. Nicolae Dimo 24,71
3-х комнатная квартира,,,179600.0,,,,,Агентство,,Вторичный,,4,1.0,Кишинёв мун.,Кишинёв,Центр,str. Mitropolit Bănulescu-Bodoni 43,79
1-комнатная квартира,Подземная,Индивидуальная,45000.0,1,1,Квартира с ливингом,Белый вариант,Застройщик,Kомбинированный,Новострой,Sky House,16,9.0,Кишинёв мун.,Кишинёв,Центр,şos. Munceşti 105,42
1-комнатная квартира,,,67000.0,1,,,Косметический pемонт,Застройщик,,Вторичный,,10,6.0,Кишинёв мун.,Кишинёв,Рышкановка,bd. Moscova 20,35
3-х комнатная квартира,,143,114950.0,,,,Eвроремонт,Агентство,,Вторичный,,9,5.0,Кишинёв мун.,Кишинёв,Чокана,str. Nicolae Milescu Spatarul 9/2,72
2-х комнатная квартира,,,56500.0,,,,,Застройщик,,Новострой,Basconslux,9,6.0,Страшены,Страшены,Центр,str. Ştefan cel Mare și Sfînt 3A,56
2-х комнатная квартира,,,94088.0,,,Квартира с ливингом,Белый вариант,Агентство,,Новострой,,8,7.0,Кишинёв мун.,Кишинёв,Рышкановка,str. Postei --,50
1-комнатная квартира,,,52000.0,1,1,,Нуждается в ремонте,Застройщик,Kотельцовый,Вторичный,,4,2.0,Кишинёв мун.,Кишинёв,Ботаника,str. Nikolai Zelinski 4,31
3-х комнатная квартира,Oткрытое,Чш (Чешка),225000.0,2,,Квартира с ливингом,Eвроремонт,Застройщик,Kотельцовый,Вторичный,,5,4.0,Кишинёв мун.,Кишинёв,Телецентр,str. Academiei 6/2,148
1-комнатная квартира,Подземная,,144450.0,1,1,Квартира с ливингом,Белый вариант,Застройщик,Kирпичный,Новострой,Braus Imobiliare,4,1.0,Кишинёв мун.,Кишинёв,Рышкановка,ул. Чиркулуй 61,54
1-комнатная квартира,,,109990.0,,1,,Eвроремонт,Агентство,,Новострой,,10,7.0,Кишинёв мун.,Кишинёв,Буюканы,ул. Иоана Раду -,45
2-х комнатная квартира,,,146900.0,,,,,Агентство,,Новострой,,5,3.0,Кишинёв мун.,Кишинёв,Буюканы,пр-т Алба-Юлия 17/A,68
2-х комнатная квартира,Oткрытое,,98900.0,1,1,Квартира с ливингом,Eвроремонт,Застройщик,,Новострой,,7,5.0,Расположение,,,,65
2-х комнатная квартира,Подземная,Индивидуальная,105700.0,1,1,,Белый вариант,Частное лицо,Kирпичный,Новострой,Inamstro,16,15.0,Кишинёв мун.,Кишинёв,Ботаника,str. Grădina Botanică 18/1,64
2-х комнатная квартира,Подземная,,98900.0,1,2,Квартира с ливингом,Белый вариант,Застройщик,Mонолитный,Новострой,,6,3.0,Кишинёв мун.,Криково,Центр,str. Chişinău 81,86
2-х комнатная квартира,Подземная,Индивидуальная,60800.0,1,1,Квартира с ливингом,Белый вариант,Застройщик,Mонолитный,Новострой,Ecovzor,9,5.0,Бельцы мун.,Бельцы,Центр,str. Sennaia 2,64
2-х комнатная квартира,Подземная,,207900.0,2,2,Квартира с ливингом,Белый вариант,Застройщик,,Новострой,Ecovzor,13,13.0,Кишинёв мун.,Кишинёв,Рышкановка,ул. Язулуй 38,126
2-х комнатная квартира,,,134200.0,,,,,Застройщик,,Новострой,,16,2.0,"Кишинёв мун., str. Tudor Strișcă, 19/2",,,,53
2-х комнатная квартира,Oткрытое,,44800.0,1,1,,Белый вариант,Застройщик,Бетон,Новострой,,6,1.0,Бричаны,Бричаны,Центр,Alexandr Karpișin 13,56
1-комнатная квартира,,,38500.0,,,,Eвроремонт,Частное лицо,,Вторичный,,5,1.0,Бельцы мун.,Бельцы,Стелуца,str. Nicolai Ostrovski 46,30
1-комнатная квартира,,,86500.0,1,,,Белый вариант,,,Новострой,,12,3.0,Кишинёв мун.,Кишинёв,Ботаника,str. Grădina Botanică 14/1,51
2-х комнатная квартира,,,108900.0,,,,,Агентство,,Новострой,,9,5.0,Кишинёв мун.,Кишинёв,Чокана,str. Nicolae Milescu Spatarul 57,66
2-х комнатная квартира,,Индивидуальная,89900.0,1,1,Квартира с ливингом,Eвроремонт,Застройщик,Kотельцовый,Вторичный,,5,1.0,Кишинёв мун.,Кишинёв,Ботаника,ул. Николае Титулеску 53/2,46
1-комнатная квартира,,,61000.0,,,Квартира с ливингом,,Частное лицо,,Новострой,Lagmar Impex,10,1.0,Кишинёв мун.,Кишинёв,Старая Почта,str. Ceucari 1/1,43
1-комнатная квартира,Подземная,,67200.0,2,,Квартира с ливингом,Белый вариант,Застройщик,Kирпичный,Новострой,,9,3.0,Кишинёв мун.,Кишинёв,Ботаника,bd. Dacia 60/5,47
1-комнатная квартира,Подземная,Индивидуальная,85400.0,1,1,,Белый вариант,Застройщик,Блочный,Новострой,Pamir Construct,18,5.0,Кишинёв мун.,Кишинёв,Ботаника,bd. Decebal 139/a,43
2-х комнатная квартира,Подземная,Индивидуальная,114600.0,1,1,Квартира с ливингом,Незавершенное cтроительство,Застройщик,Блочный,Новострой,Pamir Construct,18,7.0,Кишинёв мун.,Кишинёв,Ботаника,bd. Decebal 139/a,60
3-х комнатная квартира,Подземная,,209900.0,1,2,Квартира с ливингом,Белый вариант,Агентство,,Новострой,Exfactor-grup,14,12.0,Кишинёв мун.,Кишинёв,Буюканы,str. Vasile Lupu 28,112
3-х комнатная квартира,Oткрытое,Индивидуальная,147300.0,1,2,Квартира с ливингом,Незавершенное cтроительство,Застройщик,Kотельцовый,Новострой,Pamir Construct,5,2.0,Кишинёв мун.,Кишинёв,Телецентр,șos. Hâncești 182,98
1-комнатная квартира,Oткрытое,Индивидуальная,85200.0,1,,Квартира с ливингом,Незавершенное cтроительство,Застройщик,Kотельцовый,Новострой,Pamir Construct,5,2.0,Кишинёв мун.,Кишинёв,Телецентр,șos. Hâncești 182,53
1-комнатная квартира,,,109000.0,,,,Eвроремонт,Агентство,,Новострой,,10,9.0,Кишинёв мун.,Кишинёв,Ботаника,str. Burebista 25,43
2-х комнатная квартира,,,78000.0,,,,Белый вариант,Застройщик,,Новострой,Varicom,6,4.0,Кишинёв мун.,Криково,Центр,str. Chişinău 68,65
3-х комнатная квартира,,Мс (Молд. Серия),139000.0,,2,,Eвроремонт,Частное лицо,,Вторичный,,9,8.0,Кишинёв мун.,Кишинёв,Буюканы,str. Onisifor Ghibu 2,78
3-х комнатная квартира,Подземная,,177000.0,1,2,Квартира с ливингом,Eвроремонт,Частное лицо,,Новострой,,11,7.0,Кишинёв мун.,Кишинёв,Ботаника,str. Grenoble 257,85
2-х комнатная квартира,,,82900.0,,,Квартира с ливингом,Белый вариант,Застройщик,,Новострой,,10,3.0,Кишинёв мун.,Дурлешты,Центр,str. Atelierilor 23,59
1-комнатная квартира,,,49900.0,1,1,Квартира с ливингом,Белый вариант,Частное лицо,Kомбинированный,Новострой,Nicons,10,8.0,Расположение,,,,42
1-комнатная квартира,,,73000.0,,,,Eвроремонт,Застройщик,,Вторичный,,5,5.0,Кишинёв мун.,Кишинёв,Рышкановка,str. Nicolae Dimo 17/1,42
2-х комнатная квартира,,,98000.0,,1,,Eвроремонт,Агентство,,Вторичный,,5,3.0,Кишинёв мун.,Кишинёв,Телецентр,str.Drumul Viilor 43 43,47
2-х комнатная квартира,,,109900.0,,,Квартира с ливингом,Белый вариант,,,Новострой,,10,7.0,Кишинёв мун.,Кишинёв,Буюканы,str. Calea Ieșilor 63/6,84
2-х комнатная квартира,,,84500.0,,,Квартира с ливингом,Белый вариант,Застройщик,,Новострой,,10,4.0,Кишинёв мун.,Дурлешты,Центр,str. Cartuşa 93/2,79
2-х комнатная квартира,,,7690079060.0,1,1,Квартира с ливингом,Незавершенное cтроительство,Застройщик,,Новострой,Solomon Construct Imobil,10,1.0,Кишинёв мун.,Дурлешты,Центр,str. Nicolae Dimo 24a,72
2-х комнатная квартира,,,159900.0,2,1,Квартира с ливингом,Eвроремонт,Частное лицо,,Новострой,Gonvaro-Con,9,8.0,Кишинёв мун.,Кишинёв,Центр,str. Vasile Alecsandri 11,72
1-комнатная квартира,Подземная,,46150.0,1,1,Квартира с ливингом,Белый вариант,Застройщик,,Новострой,Golban Trade,9,5.0,Кишинёв мун.,Дурлешты,Окраина,ул. Николае Димо 101,40
2-х комнатная квартира,,,7703079190.0,1,2,Квартира с ливингом,Незавершенное cтроительство,Застройщик,,Новострой,Solomon Construct Imobil,10,1.0,Кишинёв мун.,Дурлешты,Центр,str. Nicolae Dimo 24a,72
2-х комнатная квартира,,,7438274383.0,,,Квартира с ливингом,,Застройщик,,Новострой,,10,7.0,Кишинёв мун.,Криково,Центр,str. Calea Basarabiei 2,75
1-комнатная квартира,Oткрытое,Индивидуальная,65000.0,1,1,,Eвроремонт,Агентство,,Вторичный,,22,9.0,Кишинёв мун.,Кишинёв,Ботаника,Dacia .,41
1-комнатная квартира,,,59500.0,,,Квартира с ливингом,Белый вариант,Застройщик,,Новострой,,10,2.0,Кишинёв мун.,Кишинёв,Рышкановка,str. Ceucari 11/1,42
1-комнатная квартира,,,78900.0,,,,,Застройщик,,Новострой,,18,12.0,Кишинёв мун.,Кишинёв,Центр,str. Tudor Vladimirescu 1a,45
1-комнатная квартира,Oткрытое,,55999.0,Нет,1,Квартира без ливинга,Eвроремонт,Застройщик,Kирпичный,Новострой,Dansicons,5,1.0,Кишинёв мун.,Кишинёв,Телецентр,str. Costiujeni 74,30
1-комнатная квартира,,,106900.0,,1,Квартира с ливингом,Eвроремонт,Застройщик,Mонолитный,Новострой,Golban Trade,6,5.0,Кишинёв мун.,Дурлешты,Окраина,str. Nicolae Dimo 36,42
1-комнатная квартира,Oткрытое,,106900.0,Нет,1,Квартира с ливингом,Eвроремонт,Застройщик,Mонолитный,Новострой,Golban Trade,6,5.0,Кишинёв мун.,Дурлешты,Центр,str. Mihail Odatiuc 57,42
2-х комнатная квартира,,,127900.0,2,1,Квартира с ливингом,Eвроремонт,Агентство,,Новострой,,10,1.0,Кишинёв мун.,Кишинёв,Ботаника,str. Dimineții 22,72
1-комнатная квартира,Oткрытое,Индивидуальная,44900.0,Нет,1,,Eвроремонт,Агентство,,Вторичный,,5,1.0,Кишинёв мун.,Кишинёв,Рышкановка,str. Nicolae Dimo .,21
3-х комнатная квартира,,,86800.0,,,,Незавершенное cтроительство,Застройщик,,Новострой,Boiar House,10,9.0,Кишинёв мун.,Дурлешты,Центр,str. Nicolae Dimo 24/B,87
2-х комнатная квартира,Подземная,,92250.0,2,2,,Белый вариант,Застройщик,Mонолитный,Новострой,,9,4.0,Кишинёв мун.,Кишинёв,Старая Почта,str. Ceucari 11/1,75
1-комнатная квартира,Oткрытое,,149900.0,,,Квартира с ливингом,Eвроремонт,Застройщик,,Новострой,Inamstro,9,8.0,Кишинёв мун.,Кишинёв,Чокана,str. Ion Dumeniuc 6,64
1-комнатная квартира,Oткрытое,,55000.0,Нет,1,Квартира без ливинга,Косметический pемонт,Агентство,Mонолитный,Вторичный,,9,6.0,Кишинёв мун.,Кишинёв,Чокана,str. Voluntarilor 10,34
2-х комнатная квартира,Oткрытое,,219900.0,,1,Квартира с ливингом,Eвроремонт,Агентство,,Новострой,Inamstro,14,10.0,Кишинёв мун.,Кишинёв,Буюканы,ул. Каля Ешилор 6,68
2-х комнатная квартира,,,6036860369.0,,1,Квартира с ливингом,,Застройщик,,Новострой,,10,8.0,Кишинёв мун.,Криково,Центр,str. Ştefan cel Mare și Sfînt 10,62
2-х комнатная квартира,,,89990.0,1,2,Квартира с ливингом,Белый вариант,Частное лицо,,Новострой,Lagmar Impex,9,8.0,Кишинёв мун.,Кишинёв,Телецентр,sos. Hincesti 142,69
3-х комнатная квартира,Oткрытое,,176500.0,Нет,2,Квартира с ливингом,Eвроремонт,Агентство,,Новострой,,9,4.0,Кишинёв мун.,Кишинёв,Чокана,bd. Mircea cel Bătrân 39,85
2-х комнатная квартира,Подземная,,140400.0,,2,Квартира с ливингом,Белый вариант,Застройщик,Kирпичный,Новострой,NG Invest,25,14.0,Кишинёв мун.,Кишинёв,Рышкановка,str. Spartacus 36,72
2-х комнатная квартира,Подземная,,87750.0,1,2,Квартира с ливингом,Белый вариант,Застройщик,Kирпичный,Новострой,NG Invest,9,,Кишинёв мун.,Дурлешты,Центр,str. Nicolae Dimo 24a,75
1-комнатная квартира,Подземная,,68250.0,Нет,,,Белый вариант,Застройщик,Kирпичный,Новострой,NG Invest,25,13.0,Кишинёв мун.,Кишинёв,Рышкановка,str. Spartacus 36,35
2-х комнатная квартира,,,139900.0,1,1,Квартира с ливингом,Индивидуальный дизайн,Застройщик,,Новострой,Poliprim Grup,5,2.0,Кишинёв мун.,Кишинёв,Старая Почта,str. Gheorghe Madan 50/4,65
Комната,,,34000.0,,,,,Агентство,,Вторичный,,5,3.0,Кишинёв мун.,Кишинёв,Ботаника,str. Burebista 66/2,14
2-х комнатная квартира,,,82000.0,,,,,Агентство,,Вторичный,,5,5.0,Кишинёв мун.,Кишинёв,Рышкановка,str. Nicolae Dimo 13/4,42
1-комнатная квартира,Гараж,,57600.0,,1,Квартира с ливингом,Белый вариант,Застройщик,Mонолитный,Новострой,,6,6.0,Кишинёв мун.,Криково,Центр,str. Vasile Alescandri 5,48
1-комнатная квартира,Oткрытое,Индивидуальная,23900.0,Нет,1,,Eвроремонт,Агентство,,Вторичный,,5,1.0,Кишинёв мун.,Кишинёв,Ботаника,şos. Munceşti .,16
2-х комнатная квартира,Oткрытое,Индивидуальная,155000.0,1,1,Квартира с ливингом,Eвроремонт,Агентство,,Новострой,,10,1.0,Кишинёв мун.,Кишинёв,Чокана,bd. Mircea cel Bătrân .,65
3-х комнатная квартира,,,119900.0,1,1,Квартира с ливингом,Eвроремонт,Частное лицо,,Вторичный,,5,2.0,Кишинёв мун.,Кишинёв,Ботаника,str. Nikolai Zelinski 12,60
2-х комнатная квартира,,,73600.0,,,Квартира с ливингом,,Застройщик,,Новострой,Solomon Construct Imobil,12,7.0,Кишинёв мун.,Кишинёв,Телецентр,str. Ialoveni 100/2,64
2-х комнатная квартира,Oткрытое,,59900.0,2,2,Квартира с ливингом,Белый вариант,Застройщик,,Новострой,,6,3.0,Бельцы мун.,Бельцы,Молодово,str. Ștefan cel Mare și Sfînt 189,67
3-х комнатная квартира,,,73000.0,,,,Косметический pемонт,Агентство,,Вторичный,,2,1.0,Кишинёв мун.,Кишинёв,Телецентр,str. Alexandru Cosmescu *,58
2-х комнатная квартира,,,136900.0,1,2,Квартира с ливингом,Eвроремонт,Агентство,,Новострой,Exfactor-grup,10,9.0,Кишинёв мун.,Кишинёв,Ботаника,Dacia -,85
1-комнатная квартира,,Индивидуальная,60500.0,,,,Eвроремонт,Частное лицо,Mонолитный,Новострой,,14,11.0,Расположение,,,,27
1-комнатная квартира,,Индивидуальная,60500.0,Нет,,,Eвроремонт,Застройщик,,Вторичный,,14,11.0,Расположение,,,,27
1-комнатная квартира,,,65050.0,,,,,Агентство,,Новострой,Varicom,9,6.0,Кишинёв мун.,Кишинёв,Старая Почта,str-la Studenților 18,48
1-комнатная квартира,,,58500.0,,,,,Агентство,,Вторичный,,4,4.0,Кишинёв мун.,Кишинёв,Ботаника,str. Nicolae Titulescu 20,35
2-х комнатная квартира,,,235950.0,2,2,Квартира с ливингом,Белый вариант,Застройщик,,Новострой,Ecovzor,13,13.0,Кишинёв мун.,Кишинёв,Старая Почта,Iazului  38,143
2-х комнатная квартира,Гараж,Индивидуальная,81432.0,Нет,1,Квартира без ливинга,Белый вариант,Застройщик,Ячеистый Бетон,Новострой,Astercon,6,6.0,Кишинёв мун.,Дурлешты,Центр,str. Durlești 8,56
1-комнатная квартира,Oткрытое,Индивидуальная,86500.0,1,1,,Eвроремонт,Агентство,Ячеистый Бетон,Новострой,Basconslux,10,8.0,Кишинёв мун.,Кишинёв,Старая Почта,str. Ceucari 2/4,42
5-ти комн. кварт. и более,,,975000.0,2,4 и более,,Eвроремонт,Частное лицо,,Новострой,,6,,Кишинёв мун.,Кишинёв,Центр,str. Mihai Eminescu 41/1,324
1-комнатная квартира,,,36005.0,1,1,,,Застройщик,,Новострой,Boiar House,10,4.0,Кишинёв мун.,Дурлешты,Центр,str. Nicolae Dimo 24a,38
1-комнатная квартира,,,64960.0,1,1,Квартира без ливинга,,Агентство,,Новострой,,15,13.0,Кишинёв мун.,Кишинёв,Старая Почта,str. Cucorilor 82,47
3-х комнатная квартира,,,89000.0,,,,Незавершенное cтроительство,Застройщик,,Новострой,,3,2.0,Хынчешты,Хынчешты,Центр,Vieru 18,70
2-х комнатная квартира,Подземная,,139900.0,,1,Квартира с ливингом,Eвроремонт,Застройщик,,Новострой,,10,7.0,Кишинёв мун.,Дурлешты,Центр,str. Cartuşa 95,72
1-комнатная квартира,,,79900.0,1,1,Квартира с ливингом,,Агентство,Kирпичный,Новострой,Estate Invest Company,11,3.0,Кишинёв мун.,Дурлешты,Окраина,str. Ialoveni 136,53
1-комнатная квартира,,,74900.0,1,1,Квартира с ливингом,,Агентство,Kирпичный,Новострой,Lagmar Impex,16,9.0,Кишинёв мун.,Кишинёв,Рышкановка,str. Tudor Vladimirescu 1,48
2-х комнатная квартира,Подземная,,108600.0,1,2,Квартира с ливингом,Белый вариант,Агентство,Kомбинированный,Новострой,,10,3.0,Кишинёв мун.,Дурлешты,Центр,Cartusa 95,73
1-комнатная квартира,Подземная,,81900.0,2,2,Квартира с ливингом,Белый вариант,Застройщик,Kирпичный,Новострой,Braus Imobiliare,10,4.0,Кишинёв мун.,Кишинёв,Телецентр,sos. Hincesti 140/1,58
2-х комнатная квартира,,,97700.0,1,1,,Eвроремонт,Частное лицо,,Вторичный,,5,1.0,Кишинёв мун.,Кишинёв,Рышкановка,str. Andrei Doga 45/1,54
2-х комнатная квартира,Oткрытое,,149500.0,2,1,,,Частное лицо,,Новострой,Varicom,16,12.0,Кишинёв мун.,Кишинёв,Ботаника,str. Grădina Botanică 20/1,71
2-х комнатная квартира,,,87010.0,,2,,Незавершенное cтроительство,Застройщик,,Новострой,,9,9.0,Кишинёв мун.,Дурлешты,Центр,str. Nicolae Dimo 24/a,79
1-комнатная квартира,,,71000.0,,,,Eвроремонт,Агентство,,Вторичный,,5,1.0,Кишинёв мун.,Кишинёв,Буюканы,str. Doina și Ion Aldea-Teodorovici 8,30
1-комнатная квартира,Подземная,,79900.0,2,2,Квартира с ливингом,Белый вариант,Застройщик,Kирпичный,Новострой,Exfactor-grup,9,8.0,Кишинёв мун.,Кишинёв,Ботаника,bd. Dacia 62,51
1-комнатная квартира,,Индивидуальная,48000.0,1,1,Квартира с ливингом,Белый вариант,Частное лицо,,Новострой,Estate Invest Company,12,1.0,Кишинёв мун.,Кишинёв,Телецентр,str. Alexandru Lăpușneanu 5,48
2-х комнатная квартира,Oткрытое,,125000.0,,1,Квартира с ливингом,Eвроремонт,Агентство,,Новострой,,5,4.0,Расположение,,,,63
2-х комнатная квартира,,,125000.0,1,1,,Eвроремонт,Агентство,,Новострой,,16,15.0,Кишинёв мун.,Кишинёв,Ботаника,str. Burebista 114/2,68
2-х комнатная квартира,,,7912383440.0,,,Квартира с ливингом,Незавершенное cтроительство,Застройщик,,Новострой,Solomon Construct Imobil,9,5.0,Кишинёв мун.,Дурлешты,Центр,str. Nicolae Dimo 24a,72
1-комнатная квартира,,,69000.0,,,,,Застройщик,,Новострой,,18,9.0,Кишинёв мун.,Кишинёв,Ботаника,şos. Munceşti 90,42
1-комнатная квартира,,,69000.0,,,,,Застройщик,,Новострой,Sky House,18,9.0,Кишинёв мун.,Кишинёв,Ботаника,şos. Munceşti 90,42
1-комнатная квартира,,,55420.0,,,Квартира с ливингом,Белый вариант,Агентство,Kирпичный,Новострой,Lagmar Impex,12,8.0,Кишинёв мун.,Кишинёв,Старая Почта,str. Ceucari 11/1,37
3-х комнатная квартира,Подземная,,103700.0,2,2,Квартира с ливингом,Белый вариант,Застройщик,Kирпичный,Новострой,Braus Imobiliare,10,4.0,Кишинёв мун.,Кишинёв,Телецентр,sos. Hincesti 140/1,74
2-х комнатная квартира,,,136000.0,1,1,,Белый вариант,Застройщик,,Новострой,Exfactor-grup,13,12.0,Кишинёв мун.,Кишинёв,Буюканы,str. Vasile Lupu 28,68
2-х комнатная квартира,,,101900.0,1,1,,Eвроремонт,Агентство,Kотельцовый,Вторичный,,5,2.0,Кишинёв мун.,Кишинёв,Ботаника,str. Căușeni 3,75
1-комнатная квартира,,,62000.0,,,Квартира с ливингом,Белый вариант,Агентство,Kирпичный,Новострой,Lagmar Impex,14,7.0,Кишинёв мун.,Кишинёв,Рышкановка,str. Tudor Vladimirescu 18,46
2-х комнатная квартира,,,108900.0,1,1,,Белый вариант,Агентство,,Новострой,,16,9.0,Кишинёв мун.,Кишинёв,Ботаника,str. Burebista 114/2,68
3-х комнатная квартира,,,130500.0,,,,,Застройщик,,Новострой,Solomon Construct Imobil,12,5.0,Кишинёв мун.,Кишинёв,Ботаника,str. Grenoble 134/4,87
2-х комнатная квартира,Подземная,,208170.0,1,2,Квартира с ливингом,Белый вариант,Застройщик,Kирпичный,Новострой,Braus Imobiliare,4,1.0,Кишинёв мун.,Кишинёв,Рышкановка,ул. Чиркулуй 61,77
2-х комнатная квартира,,,137000.0,1,2,,Eвроремонт,Частное лицо,,Новострой,Solomon Construct Imobil,11,2.0,Кишинёв мун.,Кишинёв,Чокана,bd. Mircea cel Bătrân 35/E,55
2-х комнатная квартира,Подземная,,179900.0,,1,Квартира с ливингом,,Агентство,,Новострой,,14,4.0,Кишинёв мун.,Кишинёв,Центр,Nicolae Testimiteanu  19,64
1-комнатная квартира,,,77999.0,,,,Сдан в эксплуатацию,Частное лицо,,Новострой,,16,9.0,Кишинёв мун.,Кишинёв,Чокана,str. Ginta Latina 8,53
3-х комнатная квартира,,,100300.0,2,2,,Незавершенное cтроительство,Застройщик,,Новострой,Boiar House,10,9.0,Кишинёв мун.,Дурлешты,Центр,str. Nicolae Dimo 24/B,100
2-х комнатная квартира,Подземная,,99800.0,Нет,1,Квартира с ливингом,Белый вариант,Частное лицо,Kирпичный,Новострой,Peak Development,9,4.0,Кишинёв мун.,Кишинёв,Чокана,str. Vadul lui Vodă 30,62
3-х комнатная квартира,Подземная,,77000.0,,,,Белый вариант,Частное лицо,,Новострой,Estate Invest Company,10,5.0,Расположение,,,,89
1-комнатная квартира,,,59000.0,1,1,,Незавершенное cтроительство,Частное лицо,Kирпичный,Новострой,Lagmar Impex,9,7.0,Кишинёв мун.,Кишинёв,Телецентр,șos. Hâncești 142,42
2-х комнатная квартира,,,127500.0,,,Квартира с ливингом,Eвроремонт,Агентство,,Новострой,,9,2.0,Яловены,Яловены,Центр,str. Alexandru cel Bun 2/8,60
1-комнатная квартира,,,109000.0,,,,Eвроремонт,Агентство,,Новострой,,9,9.0,Кишинёв мун.,Кишинёв,Ботаника,str. Burebista 25,43
2-х комнатная квартира,Подземная,,105000.0,2,,Квартира с ливингом,Белый вариант,Застройщик,Kомбинированный,Новострой,,9,3.0,Кишинёв мун.,Кишинёв,Ботаника,bd. Dacia 60/5,75
2-х комнатная квартира,Подземная,,102200.0,2,,Квартира с ливингом,Белый вариант,Застройщик,Kирпичный,Новострой,,9,3.0,Кишинёв мун.,Кишинёв,Ботаника,bd. Dacia 60/5,73
3-х комнатная квартира,Подземная,,143150.0,2,,Квартира с ливингом,Белый вариант,Застройщик,Kирпичный,Новострой,,9,9.0,Кишинёв мун.,Кишинёв,Ботаника,bd. Dacia 60/5,103
2-х комнатная квартира,Подземная,,105300.0,2,,Квартира с ливингом,Белый вариант,Застройщик,Kирпичный,Новострой,,9,3.0,Кишинёв мун.,Кишинёв,Ботаника,bd. Dacia 60/5,78
3-х комнатная квартира,Подземная,,134000.0,2,,Квартира с ливингом,Белый вариант,Застройщик,Kирпичный,Новострой,,9,3.0,Кишинёв мун.,Кишинёв,Ботаника,bd. Dacia 60/5,100
3-х комнатная квартира,Подземная,,116100.0,2,,Квартира с ливингом,Белый вариант,Застройщик,Kирпичный,Новострой,,9,3.0,Кишинёв мун.,Кишинёв,Аэропорт,bd. Dacia 60/5,90
3-х комнатная квартира,Подземная,,119950.0,2,,Квартира с ливингом,Белый вариант,Застройщик,Kирпичный,Новострой,,9,3.0,Кишинёв мун.,Кишинёв,Ботаника,bd. Dacia 60/5,93
2-х комнатная квартира,Подземная,,93800.0,2,,Квартира с ливингом,Белый вариант,Застройщик,Kирпичный,Новострой,,9,3.0,Кишинёв мун.,Кишинёв,Ботаника,bd. Dacia 60/5,67
3-х комнатная квартира,Подземная,,152900.0,2,,Квартира с ливингом,Белый вариант,Застройщик,Kирпичный,Новострой,,9,9.0,Кишинёв мун.,Кишинёв,Ботаника,bd. Dacia 60/5,110
2-х комнатная квартира,Подземная,,91800.0,2,,Квартира с ливингом,Белый вариант,Застройщик,Kирпичный,Новострой,,9,2.0,Кишинёв мун.,Кишинёв,Ботаника,bd. Dacia 60/5,68
2-х комнатная квартира,,,64940.0,1,,,,Частное лицо,,Вторичный,,5,5.0,Кишинёв мун.,Кишинёв,Ботаника,şos. Munceşti 806/2,45
1-комнатная квартира,,,72000.0,,1,Квартира с ливингом,Незавершенное cтроительство,Частное лицо,Kирпичный,Новострой,Sky House,18,7.0,Кишинёв мун.,Кишинёв,Ботаника,str. Dimineții 20,40
2-х комнатная квартира,,Индивидуальная,148000.0,2,2,,Белый вариант,Застройщик,Kирпичный,Новострой,Exfactor-grup,14,10.0,Кишинёв мун.,Кишинёв,Буюканы,str. Vasile Lupu 28,73
1-комнатная квартира,,,22000.0,,,,Cерый вариант,Частное лицо,Mонолитный,Новострой,,5,2.0,Расположение,,,,58
2-х комнатная квартира,,102,66000.0,1,2,,Нуждается в ремонте,Агентство,,Вторичный,,5,3.0,Кишинёв мун.,Кишинёв,Старая Почта,str. Gheorghe Madan 87/2,56
1-комнатная квартира,Oткрытое,,79900.0,,1,Квартира с ливингом,Eвроремонт,Застройщик,,Новострой,Sky House,10,7.0,Кишинёв мун.,Кишинёв,Ботаника,str. Băcioii Noi 14/5,34
3-х комнатная квартира,Гараж,Индивидуальная,390000.0,1,2,Квартира с ливингом,Индивидуальный дизайн,Частное лицо,Mонолитный,Новострой,,11,10.0,Кишинёв мун.,Кишинёв,Ботаника,str. Tudor Strișcă 8/7,163
1-комнатная квартира,Подземная,,101000.0,2,1,,Eвроремонт,Частное лицо,,Новострой,Pamir Construct,9,2.0,Кишинёв мун.,Кишинёв,Центр,str. Ialoveni 100/3,46
2-х комнатная квартира,Oткрытое,135,109800.0,1,1,Квартира без ливинга,Eвроремонт,Застройщик,,Вторичный,,9,8.0,Кишинёв мун.,Кишинёв,Буюканы,str. Nicolai Costin 65/3,54
1-комнатная квартира,Подземная,,58750.0,2,,Квартира с ливингом,Белый вариант,Застройщик,Kирпичный,Новострой,,9,3.0,Оргеев,Оргеев,Центр,str. Vasile Lupu 156,47
2-х комнатная квартира,,,85900.0,1,,,Индивидуальный дизайн,Агентство,,Вторичный,,5,4.0,Кишинёв мун.,Кишинёв,Рышкановка,bd. Moscova 7/1,42
2-х комнатная квартира,Oткрытое,Индивидуальная,98500.0,1,1,,Индивидуальный дизайн,Частное лицо,,Вторичный,,5,5.0,Кишинёв мун.,Кишинёв,Буюканы,str. Paris 47,50
1-комнатная квартира,Oткрытое,,36900.0,Нет,,Квартира без ливинга,Без ремонта,Агентство,Kомбинированный,Вторичный,,1,1.0,Кишинёв мун.,Кишинёв,Центр,str. Cojocarilor 25,23
1-комнатная квартира,Подземная,,56500.0,,1,,Белый вариант,Частное лицо,Kомбинированный,Новострой,,9,8.0,Кишинёв мун.,Дурлешты,Центр,str. Cartuşa 95/3,46
1-комнатная квартира,Oткрытое,Индивидуальная,128000.0,Нет,1,,Белый вариант,Частное лицо,Бетон,Новострой,Sky House,16,11.0,Кишинёв мун.,Кишинёв,Центр,str. Lev Tolstoi 63,46
2-х комнатная квартира,,,169000.0,,,Квартира с ливингом,Белый вариант,Агентство,,Новострой,Inamstro,10,2.0,Кишинёв мун.,Кишинёв,Центр,str. Constantin Stere 16,65
1-комнатная квартира,,,65464.0,,,Квартира без ливинга,,Агентство,,Вторичный,,1,,Кишинёв мун.,Кишинёв,Аэропорт,bd. Dacia 75,129
2-х комнатная квартира,Oткрытое,,49990.0,1,1,,Eвроремонт,Частное лицо,Блочный,Вторичный,,5,1.0,Криуляны,Криуляны,Центр,str. 31 August 1989 138,53
2-х комнатная квартира,Oткрытое,,36500.0,1,1,,Индивидуальный дизайн,Частное лицо,Kотельцовый,Вторичный,,4,3.0,Бельцы мун.,Бельцы,6 квартал,str. Anton Cehov 50,44
2-х комнатная квартира,,143,116900.0,,,,,Агентство,,Вторичный,,9,7.0,Кишинёв мун.,Кишинёв,Чокана,str. Nicolae Milescu Spătarul 9,53
2-х комнатная квартира,,,210000.0,,,Квартира с ливингом,Eвроремонт,Частное лицо,,Новострой,Basconslux,12,6.0,Расположение,,,,85
2-х комнатная квартира,Oткрытое,Индивидуальная,87500.0,1,1,Квартира с ливингом,Индивидуальный дизайн,Частное лицо,Kомбинированный,Вторичный,,5,5.0,Кишинёв мун.,Кишинёв,Ботаника,str. Minsk 47,47
2-х комнатная квартира,Oткрытое,,78180.0,1,,,Белый вариант,Застройщик,,Новострой,,10,6.0,Кишинёв мун.,Дурлешты,Центр,str. Cartuşa 99/7,63
2-х комнатная квартира,,,55016.0,2,1,,Незавершенное cтроительство,Застройщик,,Новострой,,10,3.0,Кишинёв мун.,Дурлешты,Центр,str. Nicolae Dimo 24a,60
1-комнатная квартира,Oткрытое,,57375.0,1,1,,Белый вариант,Застройщик,,Новострой,,10,2.0,Кишинёв мун.,Дурлешты,Центр,str. Cartuşa 99/7,43
2-х комнатная квартира,,,78180.0,1,,,Белый вариант,Застройщик,,Новострой,,10,6.0,Кишинёв мун.,Дурлешты,Окраина,str. Cartuşa 99/7,63
1-комнатная квартира,Oткрытое,,57375.0,1,,,Белый вариант,Застройщик,,Новострой,,10,2.0,Кишинёв мун.,Дурлешты,Окраина,str. Cartuşa 99/7,43
1-комнатная квартира,Oткрытое,Индивидуальная,78900.0,Нет,1,,Индивидуальный дизайн,Застройщик,Kотельцовый,Новострой,,5,1.0,Кишинёв мун.,Кишинёв,Буюканы,str. Alexandru Marinescu 51,35
1-комнатная квартира,Oткрытое,Гостинка,51000.0,1,1,,Eвроремонт,Застройщик,Kирпичный,Новострой,Exfactor-grup,12,12.0,Кишинёв мун.,Кишинёв,Чокана,str. Mihail Sadoveanu 11/2,46
2-х комнатная квартира,Гараж,,97790.0,1,2,Квартира без ливинга,Белый вариант,Застройщик,Ячеистый Бетон,Новострой,Astercon,5,5.0,Кишинёв мун.,Ставчены,Центр,Grătiești  10,63
3-х комнатная квартира,,,95500.0,,,Квартира с ливингом,,Частное лицо,,Новострой,Lagmar Impex,14,7.0,Кишинёв мун.,Кишинёв,Старая Почта,str. Ceucari 11/1,81
2-х комнатная квартира,,Индивидуальная,159900.0,1,1,Квартира с ливингом,Белый вариант,Частное лицо,Mонолитный,Новострой,,16,15.0,Кишинёв мун.,Кишинёв,Чокана,str. Ginta Latină 8,89
2-х комнатная квартира,,,99500.0,1,1,Квартира с ливингом,Белый вариант,Агентство,,Новострой,Solomon Construct Imobil,12,9.0,Кишинёв мун.,Кишинёв,Ботаника,str. Jubiliară 39/1,60
2-х комнатная квартира,,,269000.0,,,Квартира с ливингом,Белый вариант,Застройщик,Kирпичный,Новострой,,17,16.0,Кишинёв мун.,Кишинёв,Рышкановка,str. Bogdan Voievod 1/E,105
1-комнатная квартира,,,165000.0,,,Квартира с ливингом,Белый вариант,Застройщик,,Новострой,,17,17.0,Кишинёв мун.,Кишинёв,Рышкановка,str. Bogdan Voievod 1/C,60
3-х комнатная квартира,,,97500.0,,,,,Агентство,,Новострой,,9,6.0,Кишинёв мун.,Дурлешты,Окраина,ул. Картуша 95/5,76
3-х комнатная квартира,,,137499.0,,1,Квартира с ливингом,Eвроремонт,Частное лицо,,Новострой,Golban Trade,8,5.0,Расположение,,,,70
1-комнатная квартира,Подземная,,63900.0,1,,Квартира с ливингом,Белый вариант,Застройщик,Kирпичный,Новострой,,5,3.0,Кишинёв мун.,Кишинёв,Телецентр,str. Schinoasa-Vale 3,45
2-х комнатная квартира,Подземная,,87750.0,2,,Квартира с ливингом,Белый вариант,Застройщик,Kирпичный,Новострой,,5,3.0,Кишинёв мун.,Кишинёв,Телецентр,str. Schinoasa-Vale 3,65
2-х комнатная квартира,,,80200.0,,,Квартира с ливингом,,Частное лицо,,Новострой,Sky House,18,17.0,Кишинёв мун.,Кишинёв,Ботаника,str. Dimineții 22,57
3-х комнатная квартира,,Брж (Брежневка),,2,1,,Сдан в эксплуатацию,Частное лицо,Kотельцовый,Вторичный,,5,4.0,Расположение,,,,63
3-х комнатная квартира,,,153900.0,,,Квартира с ливингом,Eвроремонт,Частное лицо,Kотельцовый,Новострой,Astercon,9,6.0,Кишинёв мун.,Кишинёв,Буюканы,str. Durleşti 10/D,75
2-х комнатная квартира,,,86900.0,1,,Квартира с ливингом,Белый вариант,Застройщик,Mонолитный,Новострой,,11,8.0,Комрат,Комрат,Центр,str. Lenin 198,79
3-х комнатная квартира,Подземная,Индивидуальная,132000.0,1,2,,Незавершенное cтроительство,Агентство,,Новострой,Lagmar Impex,17,5.0,Кишинёв мун.,Кишинёв,Рышкановка,Calea Mosilor 4,85
2-х комнатная квартира,,,132900.0,1,,Квартира с ливингом,Белый вариант,Агентство,,Новострой,Horus,11,1.0,Кишинёв мун.,Кишинёв,Рышкановка,str. Matei Basarab 1/1,87
2-х комнатная квартира,,,139000.0,1,,Квартира с ливингом,Индивидуальный дизайн,Агентство,,Новострой,Dansicons,14,13.0,Кишинёв мун.,Кишинёв,Центр,str. Nicolae Testemițanu 21/1,69
2-х комнатная квартира,,,88000.0,,,,,Агентство,Kотельцовый,Вторичный,,1,1.0,Кишинёв мун.,Кишинёв,Центр,str. Alexei Șciusev 32,60
2-х комнатная квартира,,,92800.0,,,,Незавершенное cтроительство,Агентство,,Новострой,,11,5.0,Кишинёв мун.,Кишинёв,Рышкановка,str. Ceucari 1/1,64
2-х комнатная квартира,,,97000.0,1,2,Квартира с ливингом,Незавершенное cтроительство,Агентство,,Новострой,Lagmar Impex,16,13.0,Кишинёв мун.,Кишинёв,Рышкановка,str. Calea Moșilor 4,64
2-х комнатная квартира,Гараж,,103397.0,2,2,Квартира с ливингом,Белый вариант,Застройщик,Ячеистый Бетон,Новострой,Astercon,6,2.0,Кишинёв мун.,Дурлешты,Центр,str. Durlești 8,77
3-х комнатная квартира,Гараж,,153410.0,1,2,,Белый вариант,Застройщик,Kотельцовый,Новострой,Astercon,7,1.0,Кишинёв мун.,Дурлешты,Окраина,str. Durlesti 10/A,106
3-х комнатная квартира,Oткрытое,Индивидуальная,114900.0,2,2,Квартира без ливинга,Косметический pемонт,Агентство,Kотельцовый,Вторичный,,7,3.0,Кишинёв мун.,Кишинёв,Буюканы,str. Ion Creangă 82/4,81
2-х комнатная квартира,,Индивидуальная,72000.0,2,1,,Белый вариант,Застройщик,Kомбинированный,Новострой,Poliprim Grup,8,5.0,Яловены,Яловены,Центр,str. Nicolae Testemiţanu 1,59
3-х комнатная квартира,,Индивидуальная,90200.0,2,2,,Белый вариант,Застройщик,Kомбинированный,Новострой,Poliprim Grup,8,4.0,Яловены,Яловены,Центр,str. Nicolae Testemiţanu 1,82
1-комнатная квартира,Oткрытое,,99000.0,,1,,Eвроремонт,Частное лицо,,Новострой,Reconscivil,15,13.0,Кишинёв мун.,Кишинёв,Ботаника,str. Nikolai Zelinski 15/6,41
2-х комнатная квартира,,,127500.0,,,Квартира с ливингом,,Агентство,,Новострой,,9,2.0,Яловены,Яловены,Окраина,str. Alexandru cel Bun 2/8,60
3-х комнатная квартира,,,285000.0,1,1,Квартира с ливингом,Белый вариант,Частное лицо,Kирпичный,Новострой,Inamstro,9,5.0,Кишинёв мун.,Кишинёв,Центр,str. Constantin Stere 16,106
3-х комнатная квартира,,,124660.0,1,,Квартира с ливингом,Незавершенное cтроительство,Застройщик,,Новострой,Solomon Construct Imobil,9,4.0,Кишинёв мун.,Дурлешты,Центр,str. Nicolae Dimo 24a,110
1-комнатная квартира,,,51920.0,,1,Квартира с ливингом,Незавершенное cтроительство,Частное лицо,,Новострой,,9,3.0,Кишинёв мун.,Кишинёв,Ботаника,dacia 59 59,47
2-х комнатная квартира,Гараж,Индивидуальная,102830.0,1,2,Квартира с ливингом,Белый вариант,Застройщик,Ячеистый Бетон,Новострой,Astercon,6,3.0,Кишинёв мун.,Дурлешты,Центр,str. Durlești 8,76
1-комнатная квартира,Подземная,Индивидуальная,249000.0,Нет,1,Квартира с ливингом,Индивидуальный дизайн,,Kомбинированный,Новострой,Inamstro,12,4.0,Кишинёв мун.,Кишинёв,Центр,ул. Каля Ешилор 6,50
2-х комнатная квартира,,,157500.0,,,,,Застройщик,,Новострой,,5,4.0,Кишинёв мун.,Кишинёв,Центр,str. Izmail 28,63
1-комнатная квартира,Подземная,,127500.0,,,,Белый вариант,Застройщик,Kирпичный,Новострой,Vasigur Grup,5,3.0,Кишинёв мун.,Кишинёв,Центр,str. Ismail 28,51
1-комнатная квартира,Подземная,,117500.0,,,Квартира с ливингом,Белый вариант,Застройщик,,Новострой,Vasigur Grup,5,2.0,Кишинёв мун.,Кишинёв,Центр,str. Ismail 28,47
3-х комнатная квартира,,,205000.0,,,,Белый вариант,Застройщик,,Новострой,,5,3.0,Кишинёв мун.,Кишинёв,Центр,str. Ismail 28,82
3-х комнатная квартира,,Индивидуальная,79200.0,2,2,Квартира с ливингом,Белый вариант,Застройщик,Kомбинированный,Новострой,Poliprim Grup,10,5.0,Кишинёв мун.,Дурлешты,Центр,str. Nicolae Dimo 26,72
1-комнатная квартира,,Индивидуальная,47150.0,1,1,Квартира с ливингом,Белый вариант,Застройщик,Kомбинированный,Новострой,Poliprim Grup,10,3.0,Кишинёв мун.,Дурлешты,Центр,str. Nicolae Dimo 26,41
1-комнатная квартира,,,127500.0,,,Квартира с ливингом,,Застройщик,,Новострой,,5,3.0,Кишинёв мун.,Кишинёв,Центр,str. Ismail 28,51
3-х комнатная квартира,Подземная,Индивидуальная,116992.0,,,,Белый вариант,Застройщик,Kирпичный,Новострой,,10,9.0,Кишинёв мун.,Кишинёв,Буюканы,str. Ion Luca Caragiale 24,73
1-комнатная квартира,,Брж (Брежневка),70000.0,1,1,Квартира без ливинга,Косметический pемонт,Застройщик,Kотельцовый,Вторичный,,5,5.0,Кишинёв мун.,Кишинёв,Рышкановка,Московский пр-т 13/5,32
3-х комнатная квартира,Oткрытое,Чш (Чешка),130000.0,1,1,,Косметический pемонт,Застройщик,Kотельцовый,Вторичный,,5,2.0,Кишинёв мун.,Кишинёв,Рышкановка,MOSCOVEI ',74
1-комнатная квартира,Oткрытое,,109500.0,,1,Квартира с ливингом,Eвроремонт,Агентство,,Новострой,,10,8.0,Кишинёв мун.,Кишинёв,Скулянка,str. Calea Ieșilor .,47
1-комнатная квартира,,Индивидуальная,67590.0,1,,Квартира с ливингом,Белый вариант,Частное лицо,Kомбинированный,Новострой,Braus Imobiliare,12,6.0,Расположение,,,,52
Комната,,,29999.0,,,,,Агентство,,Вторичный,,10,8.0,Кишинёв мун.,Кишинёв,Чокана,str. Petru Zadnipru 4/2,15
2-х комнатная квартира,,,115000125000.0,,2,,,Агентство,,Новострой,,12,2.0,Кишинёв мун.,Кишинёв,Ботаника,bd. Cuza Vodă 1/2,64
1-комнатная квартира,,,29999.0,,,,,Агентство,,Вторичный,,10,8.0,Кишинёв мун.,Кишинёв,Чокана,str. Petru Zadnipru 4/2,15
1-комнатная квартира,Подземная,,79500.0,,1,,Eвроремонт,Агентство,,Новострой,,9,3.0,Кишинёв мун.,Кишинёв,Центр,str. Ialoveni 98/1,31
3-х комнатная квартира,,,159000.0,,,,,Застройщик,,Новострой,Solomon Construct Imobil,12,4.0,Кишинёв мун.,Кишинёв,Ботаника,str. Grenoble 134/4,106
2-х комнатная квартира,Oткрытое,Индивидуальная,129500.0,1,2,Квартира с ливингом,Индивидуальный дизайн,Застройщик,Kирпичный,Новострой,Boiar House,9,8.0,Кишинёв мун.,Дурлешты,Центр,ул. Николае Димо 24,67
1-комнатная квартира,,,103000.0,1,,Квартира с ливингом,Eвроремонт,Частное лицо,,Новострой,,10,6.0,Кишинёв мун.,Кишинёв,Буюканы,Stradela Lipcani 5,45
1-комнатная квартира,Подземная,Индивидуальная,69000.0,1,1,Квартира с ливингом,Белый вариант,Застройщик,Kирпичный,Новострой,Braus Imobiliare,10,9.0,Кишинёв мун.,Кишинёв,Телецентр,sos. Hincesti 140/1,53
2-х комнатная квартира,,,154800.0,,,Квартира с ливингом,,Застройщик,,Новострой,,12,12.0,Кишинёв мун.,Кишинёв,Ботаника,str. Grenoble 134/4,86
3-х комнатная квартира,Oткрытое,На земле,123000.0,1,1,Квартира с ливингом,Нуждается в ремонте,Застройщик,Kомбинированный,Вторичный,A-casa,1,1.0,Кишинёв мун.,Кишинёв,Аэропорт,dacia 77,115
1-комнатная квартира,Oткрытое,,38500.0,1,1,,Eвроремонт,Застройщик,,Вторичный,,5,5.0,Бельцы мун.,Бельцы,Центр,ул. Индепенденцей 102а,37
1-комнатная квартира,,,88000.0,,,Квартира с ливингом,Белый вариант,Агентство,,Новострой,Inamstro,10,2.0,Кишинёв мун.,Кишинёв,Чокана,str. Ion Dumeniuc 6,44
2-х комнатная квартира,,,70400.0,,,Квартира с ливингом,,Застройщик,Бетон,Новострой,Solomon Construct Imobil,10,6.0,Кишинёв мун.,Дурлешты,Центр,str. Nicolae Dimo 24a,64
3-х комнатная квартира,Oткрытое,,299000.0,4 и более,2,Квартира с ливингом,Индивидуальный дизайн,Частное лицо,Kотельцовый,Новострой,,8,4.0,Кишинёв мун.,Кишинёв,Центр,str. Mitropolitul Petru Movila 23/5,130
2-х комнатная квартира,Oткрытое,,92000.0,3,1,,,Частное лицо,Kотельцовый,Вторичный,,8,2.0,Кишинёв мун.,Бубуечь,Окраина,str. Fierarilor 30,72
2-х комнатная квартира,Oткрытое,,169000.0,Нет,1,Квартира с ливингом,Eвроремонт,Частное лицо,Бетон,Новострой,,3,3.0,Кишинёв мун.,Кишинёв,Центр,str. Ivan Zaikin 51,63
1-комнатная квартира,,,8550099000.0,2,2,,,Агентство,,Новострой,,14,12.0,Кишинёв мун.,Кишинёв,Ботаника,бул. Траян 22,53
3-х комнатная квартира,Oткрытое,,120000.0,1,1,,Eвроремонт,,Бетон,Вторичный,,5,1.0,Кишинёв мун.,Кишинёв,Рышкановка,str. Magda Isanos 15,62
4-x комнатная квартира,Гараж,Индивидуальная,253500.0,Нет,3,Квартира с ливингом,Косметический pемонт,Застройщик,Kотельцовый,Новострой,A-casa,5,2.0,Кишинёв мун.,Кишинёв,Ботаника,bd. Traian 6/4,186
1-комнатная квартира,Подземная,,77500.0,1,1,,Белый вариант,Частное лицо,,Новострой,Sky House,9,1.0,Кишинёв мун.,Кишинёв,Ботаника,str. Dimineții 20/1,50
3-х комнатная квартира,Подземная,,131700.0,2,2,Квартира с ливингом,Белый вариант,Частное лицо,Бетон,Новострой,Sky House,18,14.0,Кишинёв мун.,Кишинёв,Ботаника,str. Dimineții 14,91
2-х комнатная квартира,Oткрытое,Варц (Варницкая),96500.0,1,1,Квартира без ливинга,Eвроремонт,Частное лицо,,Вторичный,,9,4.0,Кишинёв мун.,Кишинёв,Чокана,bd. Mircea cel Batran 27/3,52
2-х комнатная квартира,,,87000.0,1,1,,Eвроремонт,Застройщик,,Вторичный,,5,5.0,Кишинёв мун.,Кишинёв,Ботаника,str. Trandafirilor 31/5,43
3-х комнатная квартира,,,122000.0,1,,Квартира с ливингом,Eвроремонт,Агентство,Kотельцовый,Вторичный,,5,4.0,Кишинёв мун.,Кишинёв,Рышкановка,str. Miron Costin 20,80
1-комнатная квартира,Подземная,,63900.0,2,,Квартира с ливингом,Белый вариант,Застройщик,Kирпичный,Новострой,,5,3.0,Кишинёв мун.,Кишинёв,Телецентр,str. Schinoasa-Vale 3,45
3-х комнатная квартира,Подземная,,107500.0,2,,Квартира с ливингом,Белый вариант,Застройщик,Kирпичный,Новострой,,7,3.0,Кишинёв мун.,Кишинёв,Телецентр,str. Schinoasa-Vale 1a,84
3-х комнатная квартира,,,130500.0,,,,,Застройщик,,Новострой,Solomon Construct Imobil,12,4.0,Кишинёв мун.,Кишинёв,Ботаника,str. Grenoble 134/4,87
3-х комнатная квартира,,,36000.0,1,2,,Индивидуальный дизайн,Частное лицо,,Вторичный,,5,3.0,Единцы,Купчинь,Центр,str. Livezilor 8,67
1-комнатная квартира,Oткрытое,Индивидуальная,74500.0,,1,Квартира без ливинга,Eвроремонт,Застройщик,Kотельцовый,Новострой,AMIC,6,6.0,Кишинёв мун.,Криково,Центр,Str Chișinăului  82,54
1-комнатная квартира,,,95900.0,1,1,,Eвроремонт,Агентство,,Новострой,,8,5.0,Кишинёв мун.,Дурлешты,Центр,str. Nicolae Dimo 126/6,42
2-х комнатная квартира,,,103500.0,,,,,Застройщик,,Новострой,Solomon Construct Imobil,12,7.0,Кишинёв мун.,Кишинёв,Ботаника,str. Grenoble 134/4,69
1-комнатная квартира,Oткрытое,,48240.0,1,1,Квартира с ливингом,Белый вариант,Застройщик,Kомбинированный,Новострой,,10,4.0,Кишинёв мун.,Дурлешты,Центр,str. Cartuşa 99/6,40
3-х комнатная квартира,Гараж,Индивидуальная,140000.0,1,2,Квартира без ливинга,Косметический pемонт,Агентство,Kотельцовый,Вторичный,,2,2.0,Кишинёв мун.,Кишинёв,Центр,str. 31 August 1989 36,90
2-х комнатная квартира,Гараж,Индивидуальная,84000.0,1,1,,Косметический pемонт,Агентство,Kотельцовый,Вторичный,,2,2.0,Кишинёв мун.,Кишинёв,Центр,str. 31 August 1989 36,35
1-комнатная квартира,Oткрытое,Индивидуальная,64000.0,,1,,Косметический pемонт,Агентство,Kотельцовый,Вторичный,,2,1.0,Кишинёв мун.,Кишинёв,Центр,str. 31 August 1989 36,34
2-х комнатная квартира,,,102000.0,,,,,Застройщик,,Новострой,,8,3.0,Кишинёв мун.,Кишинёв,Телецентр,str. Ialoveni 98/1,68
2-х комнатная квартира,,,103500.0,,,,,Застройщик,,Новострой,Solomon Construct Imobil,12,5.0,Кишинёв мун.,Кишинёв,Ботаника,str. Grenoble 134/4,69
2-х комнатная квартира,,,95000.0,,,,,Застройщик,,Вторичный,,9,2.0,Кишинёв мун.,Кишинёв,Чокана,bd. Mircea cel Bătrân 17,60
2-х комнатная квартира,Oткрытое,,205000.0,1,2,Квартира с ливингом,Eвроремонт,Агентство,,Новострой,,11,3.0,Кишинёв мун.,Кишинёв,Чокана,bd. Mircea cel Bătrân 0,80
2-х комнатная квартира,Oткрытое,Индивидуальная,215000.0,1,2,Квартира с ливингом,Eвроремонт,Агентство,Kирпичный,Новострой,Solomon Construct Imobil,9,4.0,Кишинёв мун.,Кишинёв,Чокана,str. Nicolae Milescu Spatarul 63,71
3-х комнатная квартира,Oткрытое,,185000.0,1,2,Квартира с ливингом,Eвроремонт,Агентство,,Новострой,Dansicons,10,2.0,Кишинёв мун.,Кишинёв,Чокана,ул. Николае Милеску-Спэтарул 43,90
2-х комнатная квартира,,,89900.0,1,1,,,Застройщик,,Новострой,Solomon Construct Imobil,10,1.0,Кишинёв мун.,Кишинёв,Телецентр,str. Ialoveni 100a,56
1-комнатная квартира,,,29999.0,,1,,Нуждается в ремонте,Частное лицо,,Вторичный,,5,1.0,Страшены,Страшены,Центр,str. Alexei Mateevici 5,33
2-х комнатная квартира,Oткрытое,,67500.0,1,1,Квартира с ливингом,Косметический pемонт,Агентство,Kотельцовый,Вторичный,,5,5.0,Кишинёв мун.,Кишинёв,Телецентр,str. Lech Kaczynski 6/1,47
2-х комнатная квартира,Oткрытое,,97000.0,1,,Квартира с ливингом,Сдан в эксплуатацию,Застройщик,,Новострой,Solomon Construct Imobil,11,9.0,Расположение,,,,60
1-комнатная квартира,,,124900.0,,1,Квартира с ливингом,Eвроремонт,Агентство,,Новострой,,12,7.0,Кишинёв мун.,Кишинёв,Рышкановка,str. Alecu Russo 9/7,47
2-х комнатная квартира,,,166900.0,1,1,Квартира с ливингом,Eвроремонт,Агентство,,Новострой,,11,10.0,Кишинёв мун.,Кишинёв,Ботаника,str. Nicolae Testemițanu 3/3,72
1-комнатная квартира,,,72000.0,,,,Eвроремонт,Агентство,,Вторичный,,9,1.0,Кишинёв мун.,Кишинёв,Скулянка,str. Calea Ieșilor 47/2,34
2-х комнатная квартира,,,147900.0,,1,,Eвроремонт,Агентство,,Новострой,,9,1.0,Кишинёв мун.,Кишинёв,Центр,str. Moara Roșie 5,59
1-комнатная квартира,,,36900.0,,1,,Eвроремонт,Агентство,,Вторичный,,7,2.0,Кишинёв мун.,Кишинёв,Телецентр,str. Vasile Cheltuială 9/2,25
1-комнатная квартира,,,108000.0,,1,,Eвроремонт,Агентство,,Новострой,,15,11.0,Кишинёв мун.,Кишинёв,Центр,str. Nicolae Testemițanu 3/10,43
2-х комнатная квартира,,,219900.0,,2,Квартира с ливингом,Eвроремонт,Агентство,,Новострой,,10,10.0,Кишинёв мун.,Кишинёв,Телецентр,str. Ialoveni 100/2,140
2-х комнатная квартира,,,87500.0,,2,,Eвроремонт,Агентство,,Вторичный,,5,5.0,Кишинёв мун.,Кишинёв,Старая Почта,str. Iazului 74/1,61
2-х комнатная квартира,,,92900.0,,1,Квартира с ливингом,Eвроремонт,Агентство,,Вторичный,,4,3.0,Кишинёв мун.,Кишинёв,Ботаника,str. Minsk 26/2,45
2-х комнатная квартира,,,7675076751.0,,,Квартира с ливингом,,Застройщик,,Новострой,,10,8.0,Унгены,Унгень,Центр,str. Vasile Lupu 3,68
1-комнатная квартира,,,55420.0,,,,Белый вариант,Агентство,,Новострой,,10,2.0,Кишинёв мун.,Кишинёв,Старая Почта,str. Ceucari 11/1,37
3-х комнатная квартира,Подземная,Индивидуальная,77140.0,1,2,Квартира с ливингом,Белый вариант,Застройщик,Mонолитный,Новострой,Metropolis City,10,3.0,Кишинёв мун.,Кишинёв,Ботаника,пр-т Дачия 59,77
1-комнатная квартира,,,115000.0,,,,,Частное лицо,,Новострой,,13,12.0,Кишинёв мун.,Кишинёв,Ботаника,str. Grenoble 259/13,48
2-х комнатная квартира,Oткрытое,Индивидуальная,179000.0,1,1,Квартира с ливингом,Eвроремонт,Агентство,Kирпичный,Новострой,Exfactor-grup,10,2.0,Расположение,,,,74
1-комнатная квартира,Oткрытое,Мс (Молд. Серия),56900.0,Нет,1,Квартира без ливинга,Косметический pемонт,Агентство,Ячеистый Бетон,Вторичный,,10,9.0,Кишинёв мун.,Кишинёв,Рышкановка,ул. Флорилор 2,35
1-комнатная квартира,,,80900.0,1,1,Квартира с ливингом,Белый вариант,Агентство,,Новострой,,20,9.0,Кишинёв мун.,Кишинёв,Рышкановка,str. Tudor Vladimirescu 1,49
2-х комнатная квартира,Oткрытое,Чш (Чешка),82960.0,2,2,,Нуждается в ремонте,Агентство,Kотельцовый,Вторичный,,5,5.0,Кишинёв мун.,Кишинёв,Рышкановка,Московский пр-т 12/2,54
1-комнатная квартира,,Индивидуальная,85000.0,1,1,Квартира с ливингом,Eвроремонт,Застройщик,Kотельцовый,Новострой,,9,1.0,Кишинёв мун.,Дурлешты,Центр,str. Cartuşa 99/5,41
2-х комнатная квартира,,,87000.0,1,1,,Eвроремонт,Агентство,,Вторичный,,5,5.0,Кишинёв мун.,Кишинёв,Ботаника,str. Trandafirilor 31/5,43
2-х комнатная квартира,Oткрытое,Индивидуальная,76700.0,1,2,Квартира с ливингом,Белый вариант,Застройщик,Kомбинированный,Новострой,,10,10.0,Кишинёв мун.,Дурлешты,Центр,str. Cartuşa 99/7,72
2-х комнатная квартира,,Индивидуальная,129950131000.0,1,1,Квартира с ливингом,Eвроремонт,Частное лицо,Kомбинированный,Новострой,Lagmar Impex,10,9.0,Кишинёв мун.,Кишинёв,Центр,str. Albișoara 72/5,52
2-х комнатная квартира,Oткрытое,,137900.0,1,1,Квартира без ливинга,Eвроремонт,Агентство,,Новострой,Eldorado Terra,14,2.0,Кишинёв мун.,Кишинёв,Центр,ул. Николае Тестемицану 3/9,83
1-комнатная квартира,Oткрытое,,79900.0,1,1,Квартира с ливингом,Сдан в эксплуатацию,Застройщик,Kотельцовый,Новострой,Sky House,9,7.0,Кишинёв мун.,Кишинёв,Ботаника,str. Băcioii Noi 14,38
2-х комнатная квартира,,,79500.0,,1,,,Агентство,,Вторичный,,10,10.0,Кишинёв мун.,Кишинёв,Рышкановка,str. Miron Costin .,45
2-х комнатная квартира,,,71000.0,1,1,Квартира с ливингом,Нуждается в ремонте,Агентство,,Новострой,,9,4.0,Кишинёв мун.,Кишинёв,Телецентр,str. Constantin Vârnav 20/1,60
2-х комнатная квартира,,,47736.0,1,1,,Незавершенное cтроительство,Застройщик,,Новострой,,10,7.0,Кишинёв мун.,Дурлешты,Центр,str. Nicolae Dimo 24a,47
1-комнатная квартира,,,73700.0,1,1,Квартира с ливингом,Белый вариант,Агентство,,Новострой,,16,7.0,Кишинёв мун.,Кишинёв,Рышкановка,str. Calea Mosilor .,46
2-х комнатная квартира,Oткрытое,Индивидуальная,89900.0,1,1,Квартира с ливингом,Eвроремонт,Агентство,Kотельцовый,Вторичный,,5,1.0,Расположение,,,,46
3-х комнатная квартира,,,96900.0,2,2,,,Агентство,,Вторичный,,9,5.0,Кишинёв мун.,Кишинёв,Ботаника,str. Grenoble 199,69
1-комнатная квартира,,,86500.0,,,,,Частное лицо,,Новострой,Erinvest,8,5.0,Яловены,Яловены,Центр,str. Alexandru cel Bun 2/6,46
2-х комнатная квартира,Oткрытое,Брж (Брежневка),130000.0,1,1,,,Застройщик,Kотельцовый,Вторичный,,5,2.0,Кишинёв мун.,Кишинёв,Рышкановка,MOSCOVEI ',74
1-комнатная квартира,,,40900.0,,,,Косметический pемонт,Агентство,,Вторичный,,9,7.0,Кишинёв мун.,Кишинёв,Ботаника, Bd. Cuza Vodă 8,38
1-комнатная квартира,,,30500.0,,1,,Белый вариант,Частное лицо,Kотельцовый,Вторичный,,3,3.0,Расположение,,,,28
1-комнатная квартира,Подземная,,63900.0,2,,Квартира с ливингом,Белый вариант,Застройщик,Kирпичный,Новострой,,5,3.0,Кишинёв мун.,Кишинёв,Телецентр,str. Schinoasa-Vale 3,45
2-х комнатная квартира,Подземная,Индивидуальная,85700.0,2,1,Квартира с ливингом,Белый вариант,Застройщик,Kомбинированный,Новострой,Lagmar Impex,16,14.0,Кишинёв мун.,Кишинёв,Рышкановка,str. Calea Moșilor 4,54
3-х комнатная квартира,Oткрытое,На земле,144000.0,1,1,Квартира с ливингом,Cерый вариант,Застройщик,Kомбинированный,Новострой,Basconslux,1,1.0,Кишинёв мун.,Кишинёв,Ботаника,Dacia 77,88
1-комнатная квартира,Oткрытое,,74000.0,,2,Квартира с ливингом,Белый вариант,Агентство,,Новострой,,9,3.0,Кишинёв мун.,Кишинёв,Ботаника,bd. Dacia .,51
1-комнатная квартира,Oткрытое,,65700.0,1,1,Квартира с ливингом,Белый вариант,Агентство,,Новострой,Lagmar Impex,9,4.0,Кишинёв мун.,Кишинёв,Старая Почта,ул. Чеукарь 84,44
1-комнатная квартира,,,106900.0,1,1,Квартира с ливингом,Eвроремонт,Застройщик,,Новострой,Golban Trade,9,6.0,Кишинёв мун.,Кишинёв,Буюканы,str. Mihail Odatiuc 36,42
2-х комнатная квартира,,,165000.0,1,1,Квартира с ливингом,Eвроремонт,Агентство,,Новострой,,21,12.0,Кишинёв мун.,Кишинёв,Чокана,bd. Mircea cel Bătrân .,72
3-х комнатная квартира,,,123500.0,1,2,Квартира с ливингом,Белый вариант,,,Новострой,Exfactor-grup,9,1.0,Кишинёв мун.,Кишинёв,Буюканы,str. Ion Buzdugan 13,88
4-x комнатная квартира,Подземная,Индивидуальная,415000.0,1,2,,Eвроремонт,Агентство,,Новострой,,9,9.0,Кишинёв мун.,Кишинёв,Центр,31 August 1989 64,142
1-комнатная квартира,,,42500.0,,,,Eвроремонт,Агентство,,Вторичный,,9,2.0,Кишинёв мун.,Кишинёв,Ботаника,str. Sarmizegetusa 94/1,24
Комната,,,16000.0,,,,,Частное лицо,Блочный,Вторичный,,5,4.0,Бельцы мун.,Бельцы,Кишиневский мост,str-la Chișinăului 5,18
2-х комнатная квартира,,,220000.0,,1,Квартира с ливингом,Eвроремонт,Агентство,,Новострой,Flormin-Com,10,2.0,Кишинёв мун.,Кишинёв,Буюканы,str. Onisifor Ghibu 10,65
4-x комнатная квартира,Oткрытое,Брж (Брежневка),107000.0,1,2,Квартира с ливингом,Eвроремонт,Частное лицо,Kотельцовый,Вторичный,,5,3.0,Кишинёв мун.,Кишинёв,Буюканы,str. Ion Creangă 78,80
2-х комнатная квартира,,,146900.0,,1,Квартира с ливингом,Eвроремонт,Агентство,,Новострой,,7,2.0,Кишинёв мун.,Кишинёв,Буюканы,str. Durlești .,68
1-комнатная квартира,,,130000.0,,1,Квартира с ливингом,Eвроремонт,Агентство,,Новострой,,7,2.0,Кишинёв мун.,Кишинёв,Центр,str. Lev Tolstoi 13 13,46
2-х комнатная квартира,Oткрытое,,64900.0,,1,,Eвроремонт,Агентство,,Вторичный,,7,6.0,Кишинёв мун.,Кишинёв,Буюканы,str. Sucevita .,44
3-х комнатная квартира,Oткрытое,Индивидуальная,225000.0,,1,Квартира с ливингом,Eвроремонт,Агентство,Ячеистый Бетон,Новострой,,8,2.0,Яловены,Яловены,Центр, str. Alexandru cel Bun 28/3,75
2-х комнатная квартира,Oткрытое,,174900.0,1,1,Квартира с ливингом,Eвроремонт,Агентство,,Новострой,Lagmar Impex,12,9.0,Кишинёв мун.,Кишинёв,Рышкановка,str. Cornești 10,65
3-х комнатная квартира,Подземная,Мс (Молд. Серия),129900.0,2,2,Квартира без ливинга,Eвроремонт,Агентство,,Вторичный,,9,7.0,Кишинёв мун.,Кишинёв,Чокана,str. Nicolae Milescu Spătaru 3,71
3-х комнатная квартира,Oткрытое,,280000.0,1,2,Квартира с ливингом,Eвроремонт,Агентство,,Новострой,,10,10.0,Кишинёв мун.,Кишинёв,Чокана,ул. Николае Милеску-Спэтарул 57,126
1-комнатная квартира,Oткрытое,,82000.0,1,1,Квартира с ливингом,Белый вариант,Агентство,,Новострой,Horus,16,6.0,Кишинёв мун.,Кишинёв,Рышкановка,ул. Тудор Владимиреску 1/8,45
3-х комнатная квартира,Oткрытое,,219000.0,Нет,2,Квартира с ливингом,Eвроремонт,Агентство,,Новострой,,13,3.0,Кишинёв мун.,Кишинёв,Центр,str. Pan Halippa 6,82
2-х комнатная квартира,Oткрытое,143,105000.0,1,2,Квартира без ливинга,Косметический pемонт,Агентство,Бетон,Вторичный,,9,8.0,Расположение,,,,55
1-комнатная квартира,Oткрытое,,107500.0,1,2,Квартира с ливингом,Белый вариант,Агентство,,Новострой,Exfactor-grup,12,7.0,Расположение,,,,46
2-х комнатная квартира,Oткрытое,,165000.0,1,1,Квартира с ливингом,Eвроремонт,Агентство,,Новострой,Basconslux,9,9.0,Кишинёв мун.,Кишинёв,Чокана,пр-т Мирча чел Бэтрын 43/F,70
2-х комнатная квартира,,,115000.0,,2,Квартира с ливингом,Белый вариант,Агентство,,Новострой,Basconslux,10,9.0,Кишинёв мун.,Кишинёв,Телецентр,ул. Спрынченоая 3/L,73
1-комнатная квартира,Oткрытое,,69900.0,Нет,1,Квартира без ливинга,Eвроремонт,Агентство,Бетон,Новострой,,16,3.0,Кишинёв мун.,Кишинёв,Чокана,пр-т Мирча чел Бэтрын 42,28
2-х комнатная квартира,Oткрытое,,75200.0,1,1,Квартира с ливингом,Белый вариант,Агентство,,Новострой,,16,12.0,Расположение,,,,46
2-х комнатная квартира,Oткрытое,135,106900.0,1,2,Квартира без ливинга,Eвроремонт,Агентство,,Вторичный,,9,9.0,Кишинёв мун.,Кишинёв,Чокана,ул. Михаил Садовяну 4/1,55
2-х комнатная квартира,Oткрытое,,89600.0,1,1,Квартира с ливингом,Белый вариант,Агентство,,Новострой,,16,13.0,Кишинёв мун.,Кишинёв,Рышкановка,ул. Каля Мошилор 4,56
2-х комнатная квартира,Oткрытое,,66250.0,1,1,Квартира с ливингом,Белый вариант,Агентство,,Новострой,,4,3.0,Яловены,Яловены,Центр,ул. Григоре Виеру 34,53
2-х комнатная квартира,Oткрытое,,120700.0,1,2,Квартира с ливингом,Белый вариант,Агентство,,Новострой,Horus,18,11.0,Расположение,,,,81
2-х комнатная квартира,Oткрытое,,81500.0,1,1,Квартира с ливингом,Белый вариант,Агентство,,Новострой,Lagmar Impex,16,5.0,Кишинёв мун.,Кишинёв,Рышкановка,ул. Каля Мошилор 4,51
1-комнатная квартира,Oткрытое,,79900.0,1,1,Квартира с ливингом,Eвроремонт,Агентство,,Новострой,,16,15.0,Кишинёв мун.,Ставчены,Центр,- -,45
2-х комнатная квартира,Oткрытое,,120800.0,1,2,Квартира с ливингом,Белый вариант,Агентство,,Новострой,,18,10.0,Кишинёв мун.,Кишинёв,Рышкановка,ул. Тудор Владимиреску 1,81
2-х комнатная квартира,Oткрытое,Мс (Молд. Серия),95900.0,Нет,2,Квартира без ливинга,Eвроремонт,Агентство,,Вторичный,,9,7.0,Кишинёв мун.,Кишинёв,Чокана,ул. Петру Заднипру 18/1,58
3-х комнатная квартира,Oткрытое,,217500.0,1,1,Квартира с ливингом,Eвроремонт,Агентство,,Новострой,Basconslux,10,6.0,Кишинёв мун.,Кишинёв,Чокана,пр-т Мирча чел Бэтрын 43/F,98
2-х комнатная квартира,Oткрытое,,220000.0,1,1,Квартира с ливингом,Eвроремонт,Агентство,,Новострой,Exfactor-grup,14,8.0,Кишинёв мун.,Кишинёв,Буюканы,ул. Василе Лупу 28,69
1-комнатная квартира,,,77000.0,1,1,Квартира с ливингом,Белый вариант,Частное лицо,,Новострой,Lagmar Impex,10,2.0,Кишинёв мун.,Кишинёв,Телецентр,șos. Hâncești 142,56
2-х комнатная квартира,,,200000.0,1,2,,Eвроремонт,Агентство,,Новострой,,13,6.0,Кишинёв мун.,Кишинёв,Буюканы,str. Mușatinilor .,87
2-х комнатная квартира,Oткрытое,,269900.0,1,1,Квартира с ливингом,Eвроремонт,Агентство,,Новострой,,20,9.0,Кишинёв мун.,Кишинёв,Центр,ул. Александру Хыждеу 20,73
1-комнатная квартира,Oткрытое,Хрущевка,59900.0,1,1,Квартира с ливингом,Косметический pемонт,Агентство,,Вторичный,,4,3.0,Кишинёв мун.,Кишинёв,Рышкановка,str. Andrei Doga 23,35
2-х комнатная квартира,Oткрытое,Индивидуальная,141000.0,1,2,,Eвроремонт,Агентство,Kотельцовый,Новострой,,7,6.0,Кишинёв мун.,Кишинёв,Буюканы, str. Durlești 10,70
2-х комнатная квартира,Oткрытое,,228000.0,,2,Квартира с ливингом,Eвроремонт,Агентство,,Новострой,Exfactor-grup,9,4.0,Кишинёв мун.,Кишинёв,Буюканы,ул. Ион Буздуган 13,87
2-х комнатная квартира,Oткрытое,,91500.0,1,1,,Eвроремонт,Агентство,,Вторичный,,5,4.0,Кишинёв мун.,Кишинёв,Старая Почта,str. Gheorghe Madan 46/3,50
2-х комнатная квартира,,Индивидуальная,73600.0,,2,,Белый вариант,Агентство,Kирпичный,Новострой,,12,4.0,Кишинёв мун.,Кишинёв,Телецентр,Ialoveni 136,68
1-комнатная квартира,,,32900.0,,1,,Eвроремонт,Агентство,,Вторичный,,9,8.0,Кишинёв мун.,Кишинёв,Чокана,str. Maria Drăgan .,19
1-комнатная квартира,,,109900.0,,2,Квартира с ливингом,Белый вариант,Агентство,,Новострой,,12,6.0,Кишинёв мун.,Кишинёв,Буюканы,str. Vasile Lupu  .,51
2-х комнатная квартира,,,125000.0,1,1,Квартира с ливингом,Eвроремонт,Агентство,,Новострой,,10,9.0,Кишинёв мун.,Кишинёв,Ботаника,str. Băcioii Noi 14,54
1-комнатная квартира,,,57810.0,,1,,Белый вариант,Агентство,,Новострой,,10,8.0,Кишинёв мун.,Кишинёв,Телецентр,sos. Hincesti .,41
2-х комнатная квартира,,,91800.0,,,,Белый вариант,Агентство,,Новострой,,9,9.0,Кишинёв мун.,Дурлешты,Центр,str. Cartușa 95,119
3-х комнатная квартира,Oткрытое,,230000.0,,2,,Eвроремонт,Агентство,,Новострой,,10,7.0,Кишинёв мун.,Кишинёв,Буюканы,str. Ioana Radu .,88
Комната,Oткрытое,Гостинка,52500.0,,1,,Eвроремонт,Агентство,,Вторичный,,4,1.0,Кишинёв мун.,Кишинёв,Ботаника,str. Sarmizegetusa .,21
Комната,,,36900.0,,1,,Eвроремонт,Агентство,,Вторичный,,5,5.0,Кишинёв мун.,Кишинёв,Ботаника,str.Constantin Brâncuși 146A 146A,19
2-х комнатная квартира,,,7570075701.0,,,Квартира с ливингом,,Застройщик,,Новострой,,10,8.0,Унгены,Унгень,Центр,VASILE LUPU 3A,68
1-комнатная квартира,,,73000.0,,,Квартира с ливингом,,Застройщик,,Новострой,Sky House,10,9.0,Кишинёв мун.,Кишинёв,Ботаника,str. Liuba Dumitriu 5,45
2-х комнатная квартира,Подземная,Индивидуальная,143900.0,1,1,Квартира с ливингом,Eвроремонт,Агентство,Kомбинированный,Новострой,Pamir Construct,8,7.0,Кишинёв мун.,Кишинёв,Ботаника,ул. Гика Водэ 5,54
2-х комнатная квартира,Oткрытое,Индивидуальная,174900.0,1,1,Квартира с ливингом,Eвроремонт,Агентство,Kомбинированный,Новострой,Lagmar Impex,12,11.0,Кишинёв мун.,Кишинёв,Рышкановка,str. Cornești 13,65
2-х комнатная квартира,Подземная,Индивидуальная,194900.0,1,1,Квартира с ливингом,Eвроремонт,Агентство,Kомбинированный,Новострой,Loid,13,2.0,Кишинёв мун.,Кишинёв,Ботаника,пр-т Куза Водэ 5/1,65
2-х комнатная квартира,Oткрытое,Индивидуальная,195000.0,1,1,,Eвроремонт,Агентство,,Вторичный,,9,7.0,Кишинёв мун.,Кишинёв,Центр,ул. Митрополит Дософтей 100,55
2-х комнатная квартира,Подземная,Индивидуальная,126750.0,1,2,,Белый вариант,Агентство,Kомбинированный,Новострой,Lagmar Impex,14,11.0,Кишинёв мун.,Кишинёв,Центр,ул. Николае Тестемицану 19,65
1-комнатная квартира,Oткрытое,Индивидуальная,127900.0,1,1,Квартира с ливингом,Eвроремонт,Агентство,Kомбинированный,Новострой,Dansicons,11,3.0,Кишинёв мун.,Кишинёв,Центр,ул. Николае Тестемицану 21/3,63
2-х комнатная квартира,Подземная,Индивидуальная,199900.0,1,1,Квартира с ливингом,Eвроремонт,Агентство,Kирпичный,Новострой,Exfactor-grup,12,10.0,Кишинёв мун.,Кишинёв,Чокана,пр-т Мирча чел Бэтрын 41/A,67
2-х комнатная квартира,Oткрытое,,164998.0,2,1,Квартира с ливингом,Eвроремонт,Частное лицо,,Новострой,Varicom,16,14.0,Кишинёв мун.,Кишинёв,Ботаника,ул. Грэдина Ботаникэ 20/1,85
3-х комнатная квартира,,,80000.0,1,2,,Нуждается в ремонте,Агентство,,Вторичный,,5,4.0,Кишинёв мун.,Кишинёв,Чокана,str. Vasile Varzaru .,70
2-х комнатная квартира,,,113900.0,1,2,,Eвроремонт,Агентство,,Вторичный,,9,7.0,Кишинёв мун.,Кишинёв,Чокана, bd. Mircea cel Bătrân 28/1,50
2-х комнатная квартира,Oткрытое,Индивидуальная,66300.0,,1,Квартира с ливингом,Eвроремонт,Частное лицо,Kотельцовый,Вторичный,,7,6.0,Кишинёв мун.,Кишинёв,Буюканы,str. Sucevita 41,41
1-комнатная квартира,,,55000.0,Нет,1,Квартира без ливинга,Eвроремонт,Агентство,,Вторичный,,5,2.0,Расположение,,,,28
1-комнатная квартира,,,66300.0,,1,Квартира с ливингом,Eвроремонт,Частное лицо,Kотельцовый,Вторичный,,7,6.0,Кишинёв мун.,Кишинёв,Буюканы,Str Sucevita 41,41
2-х комнатная квартира,,,215989.0,,,Квартира с ливингом,Eвроремонт,Застройщик,,Новострой,,12,2.0,Кишинёв мун.,Кишинёв,Чокана,bd. Mircea cel Bătrân 14,102
1-комнатная квартира,,,67200.0,1,1,Квартира с ливингом,Белый вариант,Агентство,,Новострой,,17,1.0,Кишинёв мун.,Кишинёв,Ботаника,str. Dimineții 20,40
1-комнатная квартира,,,135000.0,,1,,Eвроремонт,Агентство,,Новострой,,13,11.0,Кишинёв мун.,Кишинёв,Центр,str. Calea Ieșilor  6,50
2-х комнатная квартира,,Индивидуальная,220902.0,1,2,,Белый вариант,Агентство,,Новострой,,17,13.0,Кишинёв мун.,Кишинёв,Центр,str. Pietrariei 56,100
1-комнатная квартира,Oткрытое,Индивидуальная,63700.0,1,1,,Белый вариант,Агентство,,Новострой,Lagmar Impex,9,3.0,Кишинёв мун.,Кишинёв,Телецентр,sos. Hincesti 142,42
2-х комнатная квартира,,,85500.0,,,,,Частное лицо,,Новострой,,6,2.0,Кишинёв мун.,Кишинёв,Буюканы,Hora 1,59
3-х комнатная квартира,,,284900.0,,,Квартира с ливингом,Eвроремонт,Агентство,,Новострой,,9,9.0,Кишинёв мун.,Кишинёв,Телецентр,str. Pietrarilor 16/1,92
2-х комнатная квартира,,,99700.0,1,2,Квартира с ливингом,Белый вариант,Агентство,,Новострой,,16,7.0,Кишинёв мун.,Кишинёв,Рышкановка,str. Calea Mosilor 4,64
2-х комнатная квартира,,,114500.0,,2,,Eвроремонт,Агентство,,Вторичный,,9,3.0,Кишинёв мун.,Кишинёв,Чокана,"bd. Mircea cel Batran ,",53
2-х комнатная квартира,,,104989.0,,,Квартира с ливингом,Белый вариант,Застройщик,,Новострой,,10,2.0,Кишинёв мун.,Кишинёв,Чокана,str. Nicolae Milescu Spătarul 27,56
3-х комнатная квартира,Oткрытое,,170000.0,1,1,,Нуждается в ремонте,Агентство,,Новострой,,10,8.0,Кишинёв мун.,Кишинёв,Чокана,str. Mihail Sadoveanu .,93
1-комнатная квартира,,,69900.0,,1,,Eвроремонт,Агентство,,Новострой,,17,3.0,Кишинёв мун.,Кишинёв,Чокана,bd. Mircea cel Batran .,28
2-х комнатная квартира,,,80800.0,,,Квартира с ливингом,,Частное лицо,,Новострой,Lagmar Impex,9,4.0,Кишинёв мун.,Кишинёв,Телецентр,sos. Hincesti 142,57
2-х комнатная квартира,Oткрытое,,120600.0,,1,,Белый вариант,Агентство,,Новострой,,16,2.0,Кишинёв мун.,Кишинёв,Чокана,str. Ginta Latina .,80
3-х комнатная квартира,,,98500.0,2,2,,Нуждается в ремонте,Агентство,,Вторичный,,9,8.0,Кишинёв мун.,Кишинёв,Рышкановка,str. Tudor Vladimirescu .,66
2-х комнатная квартира,,,140000.0,1,2,Квартира с ливингом,Белый вариант,Агентство,,Новострой,,14,9.0,Кишинёв мун.,Кишинёв,Буюканы,Vasile Lupu  .,68
2-х комнатная квартира,,,159500.0,1,1,Квартира с ливингом,Eвроремонт,Агентство,,Новострой,,10,2.0,Кишинёв мун.,Кишинёв,Буюканы,str. Vasile Lupu .,66
3-х комнатная квартира,Подземная,,172000.0,2,2,,Eвроремонт,Агентство,,Новострой,,9,4.0,Кишинёв мун.,Кишинёв,Буюканы, bd. Alba Iulia  128,80
2-х комнатная квартира,,,57900.0,1,2,,,Агентство,,Вторичный,,5,4.0,Кишинёв мун.,Кишинёв,Ботаника,str. Salcâmilor 22,47
1-комнатная квартира,,,59000.0,,1,,Eвроремонт,Агентство,,Вторичный,,9,8.0,Кишинёв мун.,Кишинёв,Ботаника,ул. Гренобле .,36
1-комнатная квартира,Oткрытое,,56000.0,,1,,Eвроремонт,Агентство,,Вторичный,,5,1.0,Кишинёв мун.,Кишинёв,Рышкановка,str. Nicolae Dimo .,32
2-х комнатная квартира,,,94900.0,1,2,Квартира с ливингом,Eвроремонт,Агентство,,Вторичный,,5,5.0,Кишинёв мун.,Кишинёв,Ботаника,str. Sarmizegetusa .,47
1-комнатная квартира,,,47900.0,,1,,Eвроремонт,Агентство,,Вторичный,,5,1.0,Кишинёв мун.,Кишинёв,Ботаника,ул. Николай Зелински .,21
2-х комнатная квартира,,,119000.0,1,1,,Белый вариант,Агентство,,Новострой,,21,7.0,Кишинёв мун.,Кишинёв,Рышкановка,str. Tudor Vladimirescu .,66
1-комнатная квартира,,,77900.0,,1,,Белый вариант,Агентство,,Новострой,,16,7.0,Кишинёв мун.,Кишинёв,Чокана,str. Ginta Latina .,52
2-х комнатная квартира,,,141840.0,1,1,Квартира с ливингом,Белый вариант,Агентство,,Новострой,,12,10.0,Расположение,,,,79
1-комнатная квартира,,,3690038900.0,,,,Eвроремонт,Агентство,,Вторичный,,7,2.0,Кишинёв мун.,Кишинёв,Телецентр,str. Vasile Cheltuială 9/2,20
1-комнатная квартира,,,66000.0,,,Квартира с ливингом,Eвроремонт,Частное лицо,,Новострой,,6,5.0,Криуляны,Криуляны,Центр,bd. Biruinței 20,40
2-х комнатная квартира,Oткрытое,,89900.0,1,1,Квартира с ливингом,Eвроремонт,Агентство,,Вторичный,,5,1.0,Кишинёв мун.,Кишинёв,Ботаника,NICOLAE TITULESCU  .,45
3-х комнатная квартира,,,83600.0,,,,,Застройщик,,Вторичный,,5,3.0,Кишинёв мун.,Кишинёв,Центр,bd. Iuri Gagarin 5/3,56
1-комнатная квартира,,,33000.0,,1,,Eвроремонт,Агентство,,Вторичный,,6,5.0,Кишинёв мун.,Кишинёв,Чокана,str. Maria Drăgan .,15
2-х комнатная квартира,Подземная,Индивидуальная,121450.0,1,1,Квартира с ливингом,Белый вариант,Застройщик,Kомбинированный,Новострой,A-casa,5,4.0,Кишинёв мун.,Кишинёв,Буюканы,str-la Bisericii 1,70
2-х комнатная квартира,Oткрытое,,94900.0,,1,,Eвроремонт,Агентство,,Вторичный,,7,5.0,Яловены,Яловены,Центр,str. Alexandru cel Bun .,47
3-х комнатная квартира,,Индивидуальная,30000.0,1,1,,Сдан в эксплуатацию,Частное лицо,Kотельцовый,Вторичный,,2,2.0,Расположение,,,,155
1-комнатная квартира,,,89500.0,,1,Квартира с ливингом,Eвроремонт,Агентство,,Новострой,,6,2.0,Кишинёв мун.,Кишинёв,Ботаника,str. Iurie Babei .,45
1-комнатная квартира,,,96000.0,,1,Квартира с ливингом,Eвроремонт,Агентство,,Новострой,,10,3.0,Кишинёв мун.,Кишинёв,Рышкановка,str. Tudor Vladimirescu .,33
1-комнатная квартира,,,60300.0,,1,Квартира с ливингом,Белый вариант,Агентство,,Новострой,,18,12.0,Кишинёв мун.,Кишинёв,Ботаника,Diminetii .,37
3-х комнатная квартира,,,127100.0,,2,Квартира с ливингом,Белый вариант,Агентство,,Новострой,,10,6.0,Кишинёв мун.,Кишинёв,Буюканы,str. Vadul lui Voda .,82
1-комнатная квартира,,,65000.0,,1,,Нуждается в ремонте,Агентство,,Вторичный,,1,1.0,Кишинёв мун.,Кишинёв,Старая Почта,str-la Studenților .,43
3-х комнатная квартира,Oткрытое,Индивидуальная,215000.0,1,2,Квартира с ливингом,Eвроремонт,Агентство,Ячеистый Бетон,Новострой,Exfactor-grup,13,13.0,Кишинёв мун.,Кишинёв,Буюканы,пр-т Алба Юлия 113,101
2-х комнатная квартира,Oткрытое,,77000.0,1,1,,Нуждается в ремонте,Агентство,,Вторичный,,2,,Кишинёв мун.,Кишинёв,Центр, str. Gheorghe Asachi  27,140
1-комнатная квартира,,,129900.0,1,1,Квартира с ливингом,Eвроремонт,Агентство,,Новострой,,9,5.0,Кишинёв мун.,Кишинёв,Центр,ул. Лев Толстой .,35
3-х комнатная квартира,,,87000.0,,,Квартира с ливингом,Белый вариант,Частное лицо,,Новострой,,9,5.0,Кишинёв мун.,Дурлешты,Центр,Cartușa 95/2,75
