Балкон / лоджия,Планировка,Ливинг,link,Застройщик,Площадь кухни,Парковочное место,Этаж,Санузел,Высота потолков,price,Количество этажей,Общая площадь,Адрес,id,Жилой фонд,Тип здания,Жилая площадь,title,Тип,Автор объявления,Количество комнат,Состояние квартиры
,,Квартира с ливингом,https://999.md/ru/104075662?clickToken=eyJhbGciOiJIUzI1NiIsInR5cCI6IkpXVCJ9.eyJleHAiOjE3NzY3MTE4MzYsIkMiOnsiciI6MSwiYiI6MTgwLCJjIjoyNzAsInoiOjE0MDQsImEiOiIxMDQwNzU2NjIiLCJpIjoiODkuMTQ5LjkzLjEzOSIsInMiOiJkZXNrdG9wIiwicCI6ImFkc19saXN0X2hlYWRlciIsIngiOiJwcmVtaXVtIiwibCI6ImFlMjAxMjEyLTFiNjYtNGE1NS1hZjUwLWI1YTQ2YzFhZjRmMCIsImUiOiI4OS4xNDkuOTMuMTM5IiwiZyI6InR1cmJvIiwidCI6IjIwMjYtMDQtMjBUMTg6MDM6NTYuNTE4NjY0NjIyWiJ9fQ.BzN8D-OJ0Eni_mLt25yaWSO1TbJ79HyqtN9-BFn5OiA&placement=ADS_LIST_HEADER_REDESIGN&adType=booster&location=subcategory&index=9,Pamir Construct,,Oткрытое,8,1,,119 000 €,9,38 м²,"Кишинёв мун., Кишинёв, Ботаника, ул. Гика Водэ, 5",104075662,Новострой,,,"1-комнатная квартира,  Ботаника,  Кишинёв,  Кишинёв мун.",Продам,Агентство,1-комнатная квартира,Eвроремонт
1,,Квартира с ливингом,https://999.md/ru/103814913?clickToken=eyJhbGciOiJIUzI1NiIsInR5cCI6IkpXVCJ9.eyJleHAiOjE3NzY3MTE4MzYsIkMiOnsiciI6MSwiYiI6MTgwLCJjIjoyNzAsInoiOjE0MDQsImEiOiIxMDM4MTQ5MTMiLCJpIjoiODkuMTQ5LjkzLjEzOSIsInMiOiJkZXNrdG9wIiwicCI6ImFkc19saXN0X2hlYWRlciIsIngiOiJwcmVtaXVtIiwibCI6ImFlMjAxMjEyLTFiNjYtNGE1NS1hZjUwLWI1YTQ2YzFhZjRmMCIsImUiOiI4OS4xNDkuOTMuMTM5IiwiZyI6InR1cmJvIiwidCI6IjIwMjYtMDQtMjBUMTg6MDM6NTYuNTE4NzI3MjAyWiJ9fQ.KEt5L1vd8JfXJSfV0WRSQCwBaHIFJdDg7iMX57XSkL8&placement=ADS_LIST_HEADER_REDESIGN&adType=booster&location=subcategory&index=10,Inamstro,,Oткрытое,6,1,,149 500 €,11,54 м²,"Кишинёв мун., Кишинёв, Буюканы, ул. Штефан Няга, 67",103814913,Новострой,,,"2-х комнатная квартира,  Буюканы,  Кишинёв,  Кишинёв мун.",,Агентство,2-х комнатная квартира,Eвроремонт
,,,https://999.md/ru/104091924?clickToken=eyJhbGciOiJIUzI1NiIsInR5cCI6IkpXVCJ9.eyJleHAiOjE3NzY3MTE4MzYsIkMiOnsiciI6MSwiYiI6MTgwLCJjIjoyNzAsInoiOjE0MDQsImEiOiIxMDQwOTE5MjQiLCJpIjoiODkuMTQ5LjkzLjEzOSIsInMiOiJkZXNrdG9wIiwicCI6ImFkc19saXN0X2hlYWRlciIsIngiOiJwcmVtaXVtIiwibCI6ImQ4MGQyMmM1LTA3NTQtNDgxYS05Y2IxLTM2N2YzNzFmYTMzNiIsImUiOiI4OS4xNDkuOTMuMTM5IiwiZyI6InR1cmJvIiwidCI6IjIwMjYtMDQtMjBUMTg6MDM6NTYuNTE4NzY5NTA4WiJ9fQ.X0C7v1tLHKdx2_g5ejLabO9b24qSUhnzZrLq9gK9oxk&placement=ADS_LIST_HEADER_REDESIGN&adType=booster&location=subcategory&index=11,,,,3,,,135 000 €,10,80 м²,"Кишинёв мун., Кишинёв, Чокана, str. Nicolae Milescu Spătarul, 1",104091924,Вторичный,,,"3-х комнатная квартира,  Чокана,  Кишинёв,  Кишинёв мун.",,Агентство,3-х комнатная квартира,
1,Ст (Сталинка),,https://999.md/ru/103910957?clickToken=eyJhbGciOiJIUzI1NiIsInR5cCI6IkpXVCJ9.eyJleHAiOjE3NzY3MTE4MzYsIkMiOnsiciI6MSwiYiI6MTgwLCJjIjoyNzAsInoiOjE0MDQsImEiOiIxMDM5MTA5NTciLCJpIjoiODkuMTQ5LjkzLjEzOSIsInMiOiJkZXNrdG9wIiwicCI6ImFkc19saXN0X2hlYWRlciIsIngiOiIiLCJsIjoiYmVlZjcwM2MtZDBiMC00ZGQ1LWExNmYtZWRjY2UzOGJmZDJkIiwiZSI6Ijg5LjE0OS45My4xMzkiLCJnIjoidHVyYm8iLCJ0IjoiMjAyNi0wNC0yMFQxODowMzo1Ni41MTg3OTIwOTJaIn19.PmoQx08vp88Dg8e1ISj5zpkSgoHgdH0_ngZW_ccGlUU&placement=ADS_LIST_HEADER_REDESIGN&adType=booster&location=subcategory&index=12,,,Oткрытое,4,1,320 см,190 000 €,5,60 м²,"Кишинёв мун., Кишинёв, Центр, bd. Ştefan cel Mare şi Sfânt, 126",103910957,Вторичный,Kотельцовый,,"2-х комнатная квартира,  Центр,  Кишинёв,  Кишинёв мун.",Продам,Агентство,2-х комнатная квартира,Eвроремонт
,,Квартира с ливингом,https://999.md/ru/103682003?clickToken=eyJhbGciOiJIUzI1NiIsInR5cCI6IkpXVCJ9.eyJleHAiOjE3NzY3MTE4MzYsIkMiOnsiciI6MSwiYiI6MTgwLCJjIjoyNzAsInoiOjE0MDQsImEiOiIxMDM2ODIwMDMiLCJpIjoiODkuMTQ5LjkzLjEzOSIsInMiOiJkZXNrdG9wIiwicCI6ImFkc19saXN0X2hlYWRlciIsIngiOiIiLCJsIjoiYWIzMzA5OWItNzRkYS00NmFjLTk4NTMtYTZlOGVlNTA1NTc0IiwiZSI6Ijg5LjE0OS45My4xMzkiLCJnIjoicGx1cyIsInQiOiIyMDI2LTA0LTIwVDE4OjAzOjU2LjUxODA1MTgzOFoifX0.2JxW0ZSO6ZzsnrRBBm7fsfgjVOmuH0XW7Cn088mVN7o&placement=ADS_LIST_HEADER_REDESIGN&adType=booster&location=subcategory&index=1,,,,3,,,1 350 €,7,120 м²,"Кишинёв мун., Кишинёв, Центр, str. Nicolae Iorga, 9",103682003,Вторичный,,,"3-х комнатная квартира,  Центр,  Кишинёв,  Кишинёв мун.",,Частное лицо,3-х комнатная квартира,
Нет,143,Квартира с ливингом,https://999.md/ru/100551291?clickToken=eyJhbGciOiJIUzI1NiIsInR5cCI6IkpXVCJ9.eyJleHAiOjE3NzY3MTE4MzYsIkMiOnsiciI6MSwiYiI6MTAwLCJjIjoyNzAsInoiOjE0MDQsImEiOiIxMDA1NTEyOTEiLCJpIjoiODkuMTQ5LjkzLjEzOSIsInMiOiJkZXNrdG9wIiwicCI6ImFkc19saXN0X2hlYWRlciIsIngiOiJwcmVtaXVtIiwibCI6IjlkZjMwMGM3LTA3OTMtNDk2My1iODhlLWIwZjUwMzY5NDViYyIsImUiOiI4OS4xNDkuOTMuMTM5IiwidCI6IjIwMjYtMDQtMjBUMTg6MDM6NTYuNTE4MTA2Mjc3WiJ9fQ.S-Q33RVZGxzKS03w394oog7jF4Zm22ZIm_WW72MIl90&placement=ADS_LIST_HEADER_REDESIGN&adType=booster&location=subcategory&index=2,,10 м²,Oткрытое,5,2,2800 см,750 MDL,10,54 м²,"Кишинёв мун., Кишинёв, Ботаника, пр-т Куза Водэ, 41/2",100551291,Вторичный,Блочный,32 м²,"2-х комнатная квартира,  Ботаника,  Кишинёв,  Кишинёв мун.",Сдаю посуточно,Застройщик,2-х комнатная квартира,Косметический pемонт
1,Индивидуальная,Квартира без ливинга,https://999.md/ru/102734606?clickToken=eyJhbGciOiJIUzI1NiIsInR5cCI6IkpXVCJ9.eyJleHAiOjE3NzY3MTE4MzYsIkMiOnsiciI6MSwiYiI6MTAwLCJjIjoyNzAsInoiOjE0MDQsImEiOiIxMDI3MzQ2MDYiLCJpIjoiODkuMTQ5LjkzLjEzOSIsInMiOiJkZXNrdG9wIiwicCI6ImFkc19saXN0X2hlYWRlciIsIngiOiIiLCJsIjoiMTRjYjUzMDktOGU0Zi00ZjM5LTlkNGMtMDIxNDc5YWY5OTZlIiwiZSI6Ijg5LjE0OS45My4xMzkiLCJ0IjoiMjAyNi0wNC0yMFQxODowMzo1Ni41MTgyMTM3N1oifX0.-dz-y6eH8-FugeAlOe7pia6MI86SB6bBk69DiDdAbdo&placement=ADS_LIST_HEADER_REDESIGN&adType=booster&location=subcategory&index=3,A-casa,,Oткрытое,Подвал,1,,350 €,9,45 м²,"Кишинёв мун., Кишинёв, Старая Почта, str. Poștei, 53/1",102734606,Новострой,Бетон,,"1-комнатная квартира,  Старая Почта,  Кишинёв,  Кишинёв мун.",,Частное лицо,1-комнатная квартира,Eвроремонт
2,,Квартира с ливингом,https://999.md/ru/104040367?clickToken=eyJhbGciOiJIUzI1NiIsInR5cCI6IkpXVCJ9.eyJleHAiOjE3NzY3MTE4MzYsIkMiOnsiciI6MSwiYiI6MTgwLCJjIjoyNzAsInoiOjE0MDQsImEiOiIxMDQwNDAzNjciLCJpIjoiODkuMTQ5LjkzLjEzOSIsInMiOiJkZXNrdG9wIiwicCI6ImFkc19saXN0X2hlYWRlciIsIngiOiIiLCJsIjoiNGNkOGRiMGMtOWYyYS00YzdkLTkxMjUtYjA2MGZiYTMwMTYyIiwiZSI6Ijg5LjE0OS45My4xMzkiLCJnIjoidHVyYm8iLCJ0IjoiMjAyNi0wNC0yMFQxODowMzo1Ni41MTgyMzc1OTRaIn19._UHZRDdyFqK-W0S6QBrqPLY2MDPWn06STE83ihWyhUU&placement=ADS_LIST_HEADER_REDESIGN&adType=booster&location=subcategory&index=4,,,Oткрытое,1,2,,158 000 €,5,113 м²,"Кишинёв мун., Кишинёв, Буюканы, str. Buiucani, 4",104040367,Вторичный,,,"3-х комнатная квартира,  Буюканы,  Кишинёв,  Кишинёв мун.",Продам,Частное лицо,3-х комнатная квартира,Индивидуальный дизайн
1,,,https://999.md/ru/103962174?clickToken=eyJhbGciOiJIUzI1NiIsInR5cCI6IkpXVCJ9.eyJleHAiOjE3NzY3MTE4MzYsIkMiOnsiciI6MSwiYiI6MTgwLCJjIjoyNzAsInoiOjE0MDQsImEiOiIxMDM5NjIxNzQiLCJpIjoiODkuMTQ5LjkzLjEzOSIsInMiOiJkZXNrdG9wIiwicCI6ImFkc19saXN0X2hlYWRlciIsIngiOiIiLCJsIjoiYWQwZjZhYjYtNTllYy00MGYxLWIyZTItMmJlMmY2YTExNzAwIiwiZSI6Ijg5LjE0OS45My4xMzkiLCJnIjoidHVyYm8iLCJ0IjoiMjAyNi0wNC0yMFQxODowMzo1Ni41MTgzODE5NloifX0.cC_BIRIfpXCqjoKwVw9wIIHTPKsb1pyihadyCjO1Ac4&placement=ADS_LIST_HEADER_REDESIGN&adType=booster&location=subcategory&index=5,,,Oткрытое,2,1,,82 900 €,5,62 м²,"Кишинёв мун., Кишинёв, Рышкановка, str. Nicolae Dimo, 29/3",103962174,Вторичный,Kотельцовый,,"3-х комнатная квартира,  Рышкановка,  Кишинёв,  Кишинёв мун.",Продам,Застройщик,3-х комнатная квартира,
,,Квартира с ливингом,https://999.md/ru/104091505?clickToken=eyJhbGciOiJIUzI1NiIsInR5cCI6IkpXVCJ9.eyJleHAiOjE3NzY3MTE4MzYsIkMiOnsiciI6MSwiYiI6MTQwLCJjIjoyNzAsInoiOjE0MDQsImEiOiIxMDQwOTE1MDUiLCJpIjoiODkuMTQ5LjkzLjEzOSIsInMiOiJkZXNrdG9wIiwicCI6ImFkc19saXN0X2hlYWRlciIsIngiOiJwcmVtaXVtIiwibCI6IjQ0YTM2MzIxLTJlZDItNDU3Ny1iZjc0LWFlNDk2YzIyNTU0MyIsImUiOiI4OS4xNDkuOTMuMTM5IiwiZyI6ImxpdGUiLCJ0IjoiMjAyNi0wNC0yMFQxODowMzo1Ni41MTg0ODE5NzJaIn19.HRwKM6AUPKvYYxuOKnNZjRfNe48Pxpx6gKp2sG8WBNI&placement=ADS_LIST_HEADER_REDESIGN&adType=booster&location=subcategory&index=6,,,,7,,,74 382 €,6,76 м²,"Кишинёв мун., Криково, Центр, str. Burebista, 2",104091505,Новострой,,,"2-х комнатная квартира,  Центр,  Криково,  Кишинёв мун.",Продам,Застройщик,2-х комнатная квартира,Белый вариант
,,Квартира с ливингом,https://999.md/ru/104103448?clickToken=eyJhbGciOiJIUzI1NiIsInR5cCI6IkpXVCJ9.eyJleHAiOjE3NzY3MTE4MzYsIkMiOnsiciI6MSwiYiI6MTQwLCJjIjoyNzAsInoiOjE0MDQsImEiOiIxMDQxMDM0NDgiLCJpIjoiODkuMTQ5LjkzLjEzOSIsInMiOiJkZXNrdG9wIiwicCI6ImFkc19saXN0X2hlYWRlciIsIngiOiIiLCJsIjoiNWQwNDkwNTItOTE2Yy00MTk0LTk4MDItZmQzMWI4OTZhZDU5IiwiZSI6Ijg5LjE0OS45My4xMzkiLCJnIjoibGl0ZSIsInQiOiIyMDI2LTA0LTIwVDE4OjAzOjU2LjUxODUwODM4NloifX0.1yLwCXr9hJ-S035Nv6A2l5OuPs6lg2-1bepjHkSBHBY&placement=ADS_LIST_HEADER_REDESIGN&adType=booster&location=subcategory&index=7,,,,2,,,199 900 €,8,105 м²,"Кишинёв мун., Кишинёв, Ботаника, str. Pandurilor, 42",104103448,Новострой,,,"3-х комнатная квартира,  Ботаника,  Кишинёв,  Кишинёв мун.",Продам,Частное лицо,3-х комнатная квартира,Индивидуальный дизайн
1,Индивидуальная,,https://999.md/ru/104096753?clickToken=eyJhbGciOiJIUzI1NiIsInR5cCI6IkpXVCJ9.eyJleHAiOjE3NzY3MTE4MzYsIkMiOnsiciI6MSwiYiI6MTQwLCJjIjoyNzAsInoiOjE0MDQsImEiOiIxMDQwOTY3NTMiLCJpIjoiODkuMTQ5LjkzLjEzOSIsInMiOiJkZXNrdG9wIiwicCI6ImFkc19saXN0X2hlYWRlciIsIngiOiIiLCJsIjoiNTU3ZjFmMGEtODFiNi00NDE1LWFhZWYtZjNjZjkwMmYyYTU3IiwiZSI6Ijg5LjE0OS45My4xMzkiLCJnIjoibGl0ZSIsInQiOiIyMDI2LTA0LTIwVDE4OjAzOjU2LjUxODU0ODk5NFoifX0.7tcYfssVh6ss451Was7kQDzb015Qy-sMOLYa_8JEnTU&placement=ADS_LIST_HEADER_REDESIGN&adType=booster&location=subcategory&index=8,,9 м²,,5,2,275 см,83 000 €,5,60 м²,"Кишинёв мун., Кишинёв, Рышкановка, str. Dumitru Rîșcanu, 33/1",104096753,Вторичный,Kотельцовый,,"2-х комнатная квартира,  Рышкановка,  Кишинёв,  Кишинёв мун.",Продам,Частное лицо,2-х комнатная квартира,Индивидуальный дизайн
,,Квартира с ливингом,https://999.md/ru/104075662?clickToken=eyJhbGciOiJIUzI1NiIsInR5cCI6IkpXVCJ9.eyJleHAiOjE3NzY3MTE4MzYsIkMiOnsiciI6MSwiYiI6MTgwLCJjIjoyNzAsInoiOjE0MDQsImEiOiIxMDQwNzU2NjIiLCJpIjoiODkuMTQ5LjkzLjEzOSIsInMiOiJkZXNrdG9wIiwicCI6ImFkc19saXN0X2hlYWRlciIsIngiOiJwcmVtaXVtIiwibCI6ImFlMjAxMjEyLTFiNjYtNGE1NS1hZjUwLWI1YTQ2YzFhZjRmMCIsImUiOiI4OS4xNDkuOTMuMTM5IiwiZyI6InR1cmJvIiwidCI6IjIwMjYtMDQtMjBUMTg6MDM6NTYuNTE4NjY0NjIyWiJ9fQ.BzN8D-OJ0Eni_mLt25yaWSO1TbJ79HyqtN9-BFn5OiA&placement=ADS_LIST_HEADER_REDESIGN&adType=booster&location=subcategory&index=9,Pamir Construct,,Oткрытое,8,1,,119 000 €,9,38 м²,"Кишинёв мун., Кишинёв, Ботаника, ул. Гика Водэ, 5",104075662,Новострой,,,"1-комнатная квартира,  Ботаника,  Кишинёв,  Кишинёв мун.",Продам,Агентство,1-комнатная квартира,Eвроремонт
1,,Квартира с ливингом,https://999.md/ru/103814913?clickToken=eyJhbGciOiJIUzI1NiIsInR5cCI6IkpXVCJ9.eyJleHAiOjE3NzY3MTE4MzYsIkMiOnsiciI6MSwiYiI6MTgwLCJjIjoyNzAsInoiOjE0MDQsImEiOiIxMDM4MTQ5MTMiLCJpIjoiODkuMTQ5LjkzLjEzOSIsInMiOiJkZXNrdG9wIiwicCI6ImFkc19saXN0X2hlYWRlciIsIngiOiJwcmVtaXVtIiwibCI6ImFlMjAxMjEyLTFiNjYtNGE1NS1hZjUwLWI1YTQ2YzFhZjRmMCIsImUiOiI4OS4xNDkuOTMuMTM5IiwiZyI6InR1cmJvIiwidCI6IjIwMjYtMDQtMjBUMTg6MDM6NTYuNTE4NzI3MjAyWiJ9fQ.KEt5L1vd8JfXJSfV0WRSQCwBaHIFJdDg7iMX57XSkL8&placement=ADS_LIST_HEADER_REDESIGN&adType=booster&location=subcategory&index=10,Inamstro,,Oткрытое,6,1,,149 500 €,11,54 м²,"Кишинёв мун., Кишинёв, Буюканы, ул. Штефан Няга, 67",103814913,Новострой,,,"2-х комнатная квартира,  Буюканы,  Кишинёв,  Кишинёв мун.",Продам,Агентство,2-х комнатная квартира,Eвроремонт
,,,https://999.md/ru/104091924?clickToken=eyJhbGciOiJIUzI1NiIsInR5cCI6IkpXVCJ9.eyJleHAiOjE3NzY3MTE4MzYsIkMiOnsiciI6MSwiYiI6MTgwLCJjIjoyNzAsInoiOjE0MDQsImEiOiIxMDQwOTE5MjQiLCJpIjoiODkuMTQ5LjkzLjEzOSIsInMiOiJkZXNrdG9wIiwicCI6ImFkc19saXN0X2hlYWRlciIsIngiOiJwcmVtaXVtIiwibCI6ImQ4MGQyMmM1LTA3NTQtNDgxYS05Y2IxLTM2N2YzNzFmYTMzNiIsImUiOiI4OS4xNDkuOTMuMTM5IiwiZyI6InR1cmJvIiwidCI6IjIwMjYtMDQtMjBUMTg6MDM6NTYuNTE4NzY5NTA4WiJ9fQ.X0C7v1tLHKdx2_g5ejLabO9b24qSUhnzZrLq9gK9oxk&placement=ADS_LIST_HEADER_REDESIGN&adType=booster&location=subcategory&index=11,,,,3,,,135 000 €,10,80 м²,"Кишинёв мун., Кишинёв, Чокана, str. Nicolae Milescu Spătarul, 1",104091924,Вторичный,,,"3-х комнатная квартира,  Чокана,  Кишинёв,  Кишинёв мун.",Продам,Агентство,3-х комнатная квартира,
1,Ст (Сталинка),,https://999.md/ru/103910957?clickToken=eyJhbGciOiJIUzI1NiIsInR5cCI6IkpXVCJ9.eyJleHAiOjE3NzY3MTE4MzYsIkMiOnsiciI6MSwiYiI6MTgwLCJjIjoyNzAsInoiOjE0MDQsImEiOiIxMDM5MTA5NTciLCJpIjoiODkuMTQ5LjkzLjEzOSIsInMiOiJkZXNrdG9wIiwicCI6ImFkc19saXN0X2hlYWRlciIsIngiOiIiLCJsIjoiYmVlZjcwM2MtZDBiMC00ZGQ1LWExNmYtZWRjY2UzOGJmZDJkIiwiZSI6Ijg5LjE0OS45My4xMzkiLCJnIjoidHVyYm8iLCJ0IjoiMjAyNi0wNC0yMFQxODowMzo1Ni41MTg3OTIwOTJaIn19.PmoQx08vp88Dg8e1ISj5zpkSgoHgdH0_ngZW_ccGlUU&placement=ADS_LIST_HEADER_REDESIGN&adType=booster&location=subcategory&index=12,,,Oткрытое,4,1,320 см,190 000 €,5,60 м²,"Кишинёв мун., Кишинёв, Центр, bd. Ştefan cel Mare şi Sfânt, 126",103910957,Вторичный,Kотельцовый,,"2-х комнатная квартира,  Центр,  Кишинёв,  Кишинёв мун.",Продам,Агентство,2-х комнатная квартира,Eвроремонт
,,Квартира с ливингом,https://999.md/ru/103682003?clickToken=eyJhbGciOiJIUzI1NiIsInR5cCI6IkpXVCJ9.eyJleHAiOjE3NzY3MTE4MzYsIkMiOnsiciI6MSwiYiI6MTgwLCJjIjoyNzAsInoiOjE0MDQsImEiOiIxMDM2ODIwMDMiLCJpIjoiODkuMTQ5LjkzLjEzOSIsInMiOiJkZXNrdG9wIiwicCI6ImFkc19saXN0X2hlYWRlciIsIngiOiIiLCJsIjoiYWIzMzA5OWItNzRkYS00NmFjLTk4NTMtYTZlOGVlNTA1NTc0IiwiZSI6Ijg5LjE0OS45My4xMzkiLCJnIjoicGx1cyIsInQiOiIyMDI2LTA0LTIwVDE4OjAzOjU2LjUxODA1MTgzOFoifX0.2JxW0ZSO6ZzsnrRBBm7fsfgjVOmuH0XW7Cn088mVN7o&placement=ADS_LIST_HEADER_REDESIGN&adType=booster&location=subcategory&index=1,,,,3,,,1 350 €,7,120 м²,"Кишинёв мун., Кишинёв, Центр, str. Nicolae Iorga, 9",103682003,Вторичный,,,"3-х комнатная квартира,  Центр,  Кишинёв,  Кишинёв мун.",Сдаю помесячно,Частное лицо,3-х комнатная квартира,
Нет,143,Квартира с ливингом,https://999.md/ru/100551291?clickToken=eyJhbGciOiJIUzI1NiIsInR5cCI6IkpXVCJ9.eyJleHAiOjE3NzY3MTE4MzYsIkMiOnsiciI6MSwiYiI6MTAwLCJjIjoyNzAsInoiOjE0MDQsImEiOiIxMDA1NTEyOTEiLCJpIjoiODkuMTQ5LjkzLjEzOSIsInMiOiJkZXNrdG9wIiwicCI6ImFkc19saXN0X2hlYWRlciIsIngiOiJwcmVtaXVtIiwibCI6IjlkZjMwMGM3LTA3OTMtNDk2My1iODhlLWIwZjUwMzY5NDViYyIsImUiOiI4OS4xNDkuOTMuMTM5IiwidCI6IjIwMjYtMDQtMjBUMTg6MDM6NTYuNTE4MTA2Mjc3WiJ9fQ.S-Q33RVZGxzKS03w394oog7jF4Zm22ZIm_WW72MIl90&placement=ADS_LIST_HEADER_REDESIGN&adType=booster&location=subcategory&index=2,,10 м²,Oткрытое,5,2,2800 см,750 MDL,10,54 м²,"Кишинёв мун., Кишинёв, Ботаника, пр-т Куза Водэ, 41/2",100551291,Вторичный,Блочный,32 м²,"2-х комнатная квартира,  Ботаника,  Кишинёв,  Кишинёв мун.",Сдаю посуточно,Застройщик,2-х комнатная квартира,Косметический pемонт
1,Индивидуальная,Квартира без ливинга,https://999.md/ru/102734606?clickToken=eyJhbGciOiJIUzI1NiIsInR5cCI6IkpXVCJ9.eyJleHAiOjE3NzY3MTE4MzYsIkMiOnsiciI6MSwiYiI6MTAwLCJjIjoyNzAsInoiOjE0MDQsImEiOiIxMDI3MzQ2MDYiLCJpIjoiODkuMTQ5LjkzLjEzOSIsInMiOiJkZXNrdG9wIiwicCI6ImFkc19saXN0X2hlYWRlciIsIngiOiIiLCJsIjoiMTRjYjUzMDktOGU0Zi00ZjM5LTlkNGMtMDIxNDc5YWY5OTZlIiwiZSI6Ijg5LjE0OS45My4xMzkiLCJ0IjoiMjAyNi0wNC0yMFQxODowMzo1Ni41MTgyMTM3N1oifX0.-dz-y6eH8-FugeAlOe7pia6MI86SB6bBk69DiDdAbdo&placement=ADS_LIST_HEADER_REDESIGN&adType=booster&location=subcategory&index=3,A-casa,,Oткрытое,Подвал,1,,350 €,9,45 м²,"Кишинёв мун., Кишинёв, Старая Почта, str. Poștei, 53/1",102734606,Новострой,Бетон,,"1-комнатная квартира,  Старая Почта,  Кишинёв,  Кишинёв мун.",Сдаю помесячно,Частное лицо,1-комнатная квартира,Eвроремонт
2,,Квартира с ливингом,https://999.md/ru/104040367?clickToken=eyJhbGciOiJIUzI1NiIsInR5cCI6IkpXVCJ9.eyJleHAiOjE3NzY3MTE4MzYsIkMiOnsiciI6MSwiYiI6MTgwLCJjIjoyNzAsInoiOjE0MDQsImEiOiIxMDQwNDAzNjciLCJpIjoiODkuMTQ5LjkzLjEzOSIsInMiOiJkZXNrdG9wIiwicCI6ImFkc19saXN0X2hlYWRlciIsIngiOiIiLCJsIjoiNGNkOGRiMGMtOWYyYS00YzdkLTkxMjUtYjA2MGZiYTMwMTYyIiwiZSI6Ijg5LjE0OS45My4xMzkiLCJnIjoidHVyYm8iLCJ0IjoiMjAyNi0wNC0yMFQxODowMzo1Ni41MTgyMzc1OTRaIn19._UHZRDdyFqK-W0S6QBrqPLY2MDPWn06STE83ihWyhUU&placement=ADS_LIST_HEADER_REDESIGN&adType=booster&location=subcategory&index=4,,,Oткрытое,1,2,,158 000 €,5,113 м²,"Кишинёв мун., Кишинёв, Буюканы, str. Buiucani, 4",104040367,Вторичный,,,"3-х комнатная квартира,  Буюканы,  Кишинёв,  Кишинёв мун.",Продам,Частное лицо,3-х комнатная квартира,Индивидуальный дизайн
1,,,https://999.md/ru/103962174?clickToken=eyJhbGciOiJIUzI1NiIsInR5cCI6IkpXVCJ9.eyJleHAiOjE3NzY3MTE4MzYsIkMiOnsiciI6MSwiYiI6MTgwLCJjIjoyNzAsInoiOjE0MDQsImEiOiIxMDM5NjIxNzQiLCJpIjoiODkuMTQ5LjkzLjEzOSIsInMiOiJkZXNrdG9wIiwicCI6ImFkc19saXN0X2hlYWRlciIsIngiOiIiLCJsIjoiYWQwZjZhYjYtNTllYy00MGYxLWIyZTItMmJlMmY2YTExNzAwIiwiZSI6Ijg5LjE0OS45My4xMzkiLCJnIjoidHVyYm8iLCJ0IjoiMjAyNi0wNC0yMFQxODowMzo1Ni41MTgzODE5NloifX0.cC_BIRIfpXCqjoKwVw9wIIHTPKsb1pyihadyCjO1Ac4&placement=ADS_LIST_HEADER_REDESIGN&adType=booster&location=subcategory&index=5,,,Oткрытое,2,1,,82 900 €,5,62 м²,"Кишинёв мун., Кишинёв, Рышкановка, str. Nicolae Dimo, 29/3",103962174,Вторичный,Kотельцовый,,"3-х комнатная квартира,  Рышкановка,  Кишинёв,  Кишинёв мун.",Продам,Застройщик,3-х комнатная квартира,
,,Квартира с ливингом,https://999.md/ru/104091505?clickToken=eyJhbGciOiJIUzI1NiIsInR5cCI6IkpXVCJ9.eyJleHAiOjE3NzY3MTE4MzYsIkMiOnsiciI6MSwiYiI6MTQwLCJjIjoyNzAsInoiOjE0MDQsImEiOiIxMDQwOTE1MDUiLCJpIjoiODkuMTQ5LjkzLjEzOSIsInMiOiJkZXNrdG9wIiwicCI6ImFkc19saXN0X2hlYWRlciIsIngiOiJwcmVtaXVtIiwibCI6IjQ0YTM2MzIxLTJlZDItNDU3Ny1iZjc0LWFlNDk2YzIyNTU0MyIsImUiOiI4OS4xNDkuOTMuMTM5IiwiZyI6ImxpdGUiLCJ0IjoiMjAyNi0wNC0yMFQxODowMzo1Ni41MTg0ODE5NzJaIn19.HRwKM6AUPKvYYxuOKnNZjRfNe48Pxpx6gKp2sG8WBNI&placement=ADS_LIST_HEADER_REDESIGN&adType=booster&location=subcategory&index=6,,,,7,,,74 382 €,6,76 м²,"Кишинёв мун., Криково, Центр, str. Burebista, 2",104091505,Новострой,,,"2-х комнатная квартира,  Центр,  Криково,  Кишинёв мун.",Продам,Застройщик,2-х комнатная квартира,Белый вариант
,,Квартира с ливингом,https://999.md/ru/104103448?clickToken=eyJhbGciOiJIUzI1NiIsInR5cCI6IkpXVCJ9.eyJleHAiOjE3NzY3MTE4MzYsIkMiOnsiciI6MSwiYiI6MTQwLCJjIjoyNzAsInoiOjE0MDQsImEiOiIxMDQxMDM0NDgiLCJpIjoiODkuMTQ5LjkzLjEzOSIsInMiOiJkZXNrdG9wIiwicCI6ImFkc19saXN0X2hlYWRlciIsIngiOiIiLCJsIjoiNWQwNDkwNTItOTE2Yy00MTk0LTk4MDItZmQzMWI4OTZhZDU5IiwiZSI6Ijg5LjE0OS45My4xMzkiLCJnIjoibGl0ZSIsInQiOiIyMDI2LTA0LTIwVDE4OjAzOjU2LjUxODUwODM4NloifX0.1yLwCXr9hJ-S035Nv6A2l5OuPs6lg2-1bepjHkSBHBY&placement=ADS_LIST_HEADER_REDESIGN&adType=booster&location=subcategory&index=7,,,,2,,,199 900 €,8,105 м²,"Кишинёв мун., Кишинёв, Ботаника, str. Pandurilor, 42",104103448,Новострой,,,"3-х комнатная квартира,  Ботаника,  Кишинёв,  Кишинёв мун.",Продам,Частное лицо,3-х комнатная квартира,Индивидуальный дизайн
1,Индивидуальная,,https://999.md/ru/104096753?clickToken=eyJhbGciOiJIUzI1NiIsInR5cCI6IkpXVCJ9.eyJleHAiOjE3NzY3MTE4MzYsIkMiOnsiciI6MSwiYiI6MTQwLCJjIjoyNzAsInoiOjE0MDQsImEiOiIxMDQwOTY3NTMiLCJpIjoiODkuMTQ5LjkzLjEzOSIsInMiOiJkZXNrdG9wIiwicCI6ImFkc19saXN0X2hlYWRlciIsIngiOiIiLCJsIjoiNTU3ZjFmMGEtODFiNi00NDE1LWFhZWYtZjNjZjkwMmYyYTU3IiwiZSI6Ijg5LjE0OS45My4xMzkiLCJnIjoibGl0ZSIsInQiOiIyMDI2LTA0LTIwVDE4OjAzOjU2LjUxODU0ODk5NFoifX0.7tcYfssVh6ss451Was7kQDzb015Qy-sMOLYa_8JEnTU&placement=ADS_LIST_HEADER_REDESIGN&adType=booster&location=subcategory&index=8,,9 м²,,5,2,275 см,83 000 €,5,60 м²,"Кишинёв мун., Кишинёв, Рышкановка, str. Dumitru Rîșcanu, 33/1",104096753,Вторичный,Kотельцовый,,"2-х комнатная квартира,  Рышкановка,  Кишинёв,  Кишинёв мун.",Продам,Частное лицо,2-х комнатная квартира,Индивидуальный дизайн
,,Квартира с ливингом,https://999.md/ru/104075662?clickToken=eyJhbGciOiJIUzI1NiIsInR5cCI6IkpXVCJ9.eyJleHAiOjE3NzY3MTE4MzYsIkMiOnsiciI6MSwiYiI6MTgwLCJjIjoyNzAsInoiOjE0MDQsImEiOiIxMDQwNzU2NjIiLCJpIjoiODkuMTQ5LjkzLjEzOSIsInMiOiJkZXNrdG9wIiwicCI6ImFkc19saXN0X2hlYWRlciIsIngiOiJwcmVtaXVtIiwibCI6ImFlMjAxMjEyLTFiNjYtNGE1NS1hZjUwLWI1YTQ2YzFhZjRmMCIsImUiOiI4OS4xNDkuOTMuMTM5IiwiZyI6InR1cmJvIiwidCI6IjIwMjYtMDQtMjBUMTg6MDM6NTYuNTE4NjY0NjIyWiJ9fQ.BzN8D-OJ0Eni_mLt25yaWSO1TbJ79HyqtN9-BFn5OiA&placement=ADS_LIST_HEADER_REDESIGN&adType=booster&location=subcategory&index=9,Pamir Construct,,Oткрытое,8,1,,119 000 €,9,38 м²,"Кишинёв мун., Кишинёв, Ботаника, ул. Гика Водэ, 5",104075662,Новострой,,,"1-комнатная квартира,  Ботаника,  Кишинёв,  Кишинёв мун.",Продам,Агентство,1-комнатная квартира,Eвроремонт
1,,Квартира с ливингом,https://999.md/ru/103814913?clickToken=eyJhbGciOiJIUzI1NiIsInR5cCI6IkpXVCJ9.eyJleHAiOjE3NzY3MTE4MzYsIkMiOnsiciI6MSwiYiI6MTgwLCJjIjoyNzAsInoiOjE0MDQsImEiOiIxMDM4MTQ5MTMiLCJpIjoiODkuMTQ5LjkzLjEzOSIsInMiOiJkZXNrdG9wIiwicCI6ImFkc19saXN0X2hlYWRlciIsIngiOiJwcmVtaXVtIiwibCI6ImFlMjAxMjEyLTFiNjYtNGE1NS1hZjUwLWI1YTQ2YzFhZjRmMCIsImUiOiI4OS4xNDkuOTMuMTM5IiwiZyI6InR1cmJvIiwidCI6IjIwMjYtMDQtMjBUMTg6MDM6NTYuNTE4NzI3MjAyWiJ9fQ.KEt5L1vd8JfXJSfV0WRSQCwBaHIFJdDg7iMX57XSkL8&placement=ADS_LIST_HEADER_REDESIGN&adType=booster&location=subcategory&index=10,Inamstro,,Oткрытое,6,1,,149 500 €,11,54 м²,"Кишинёв мун., Кишинёв, Буюканы, ул. Штефан Няга, 67",103814913,Новострой,,,"2-х комнатная квартира,  Буюканы,  Кишинёв,  Кишинёв мун.",Продам,Агентство,2-х комнатная квартира,Eвроремонт
,,,https://999.md/ru/104091924?clickToken=eyJhbGciOiJIUzI1NiIsInR5cCI6IkpXVCJ9.eyJleHAiOjE3NzY3MTE4MzYsIkMiOnsiciI6MSwiYiI6MTgwLCJjIjoyNzAsInoiOjE0MDQsImEiOiIxMDQwOTE5MjQiLCJpIjoiODkuMTQ5LjkzLjEzOSIsInMiOiJkZXNrdG9wIiwicCI6ImFkc19saXN0X2hlYWRlciIsIngiOiJwcmVtaXVtIiwibCI6ImQ4MGQyMmM1LTA3NTQtNDgxYS05Y2IxLTM2N2YzNzFmYTMzNiIsImUiOiI4OS4xNDkuOTMuMTM5IiwiZyI6InR1cmJvIiwidCI6IjIwMjYtMDQtMjBUMTg6MDM6NTYuNTE4NzY5NTA4WiJ9fQ.X0C7v1tLHKdx2_g5ejLabO9b24qSUhnzZrLq9gK9oxk&placement=ADS_LIST_HEADER_REDESIGN&adType=booster&location=subcategory&index=11,,,,3,,,135 000 €,10,80 м²,"Кишинёв мун., Кишинёв, Чокана, str. Nicolae Milescu Spătarul, 1",104091924,Вторичный,,,"3-х комнатная квартира,  Чокана,  Кишинёв,  Кишинёв мун.",Продам,Агентство,3-х комнатная квартира,
1,Ст (Сталинка),,https://999.md/ru/103910957?clickToken=eyJhbGciOiJIUzI1NiIsInR5cCI6IkpXVCJ9.eyJleHAiOjE3NzY3MTE4MzYsIkMiOnsiciI6MSwiYiI6MTgwLCJjIjoyNzAsInoiOjE0MDQsImEiOiIxMDM5MTA5NTciLCJpIjoiODkuMTQ5LjkzLjEzOSIsInMiOiJkZXNrdG9wIiwicCI6ImFkc19saXN0X2hlYWRlciIsIngiOiIiLCJsIjoiYmVlZjcwM2MtZDBiMC00ZGQ1LWExNmYtZWRjY2UzOGJmZDJkIiwiZSI6Ijg5LjE0OS45My4xMzkiLCJnIjoidHVyYm8iLCJ0IjoiMjAyNi0wNC0yMFQxODowMzo1Ni41MTg3OTIwOTJaIn19.PmoQx08vp88Dg8e1ISj5zpkSgoHgdH0_ngZW_ccGlUU&placement=ADS_LIST_HEADER_REDESIGN&adType=booster&location=subcategory&index=12,,,Oткрытое,4,1,320 см,190 000 €,5,60 м²,"Кишинёв мун., Кишинёв, Центр, bd. Ştefan cel Mare şi Sfânt, 126",103910957,Вторичный,Kотельцовый,,"2-х комнатная квартира,  Центр,  Кишинёв,  Кишинёв мун.",Продам,Агентство,2-х комнатная квартира,Eвроремонт
,,,https://999.md/ru/103170145?location=subcategory&index=2341,,,Подземная,7,1,,73 900 €,12,52 м²,"Кишинёв мун., Кишинёв, Телецентр, Ialoveni, 136",103170145,Новострой,,,"2-х комнатная квартира,  Телецентр,  Кишинёв,  Кишинёв мун.",Продам,Агентство,2-х комнатная квартира,Белый вариант
Нет,Индивидуальная,,https://999.md/ru/103096764?location=subcategory&index=2342,,,Oткрытое,6,1,,24 000 €,10,18 м²,"Кишинёв мун., Кишинёв, Ботаника, ул. Индепенденцей, .",103096764,Вторичный,,,"1-комнатная квартира,  Ботаника,  Кишинёв,  Кишинёв мун.",Продам,Агентство,1-комнатная квартира,Без ремонта
,,Квартира с ливингом,https://999.md/ru/102996266?location=subcategory&index=2343,David's Capital,,,3,1,,87 500 €,12,48 м²,Расположение,102996266,Новострой,Kирпичный,,"1-комнатная квартира,  Чокана,  Кишинёв,  Кишинёв мун.",Продам,Застройщик,1-комнатная квартира,Белый вариант
1,Мс (Молд. Серия),,https://999.md/ru/103616613?location=subcategory&index=2344,,,,5,2,,68 900 €,5,44 м²,"Кишинёв мун., Кишинёв, Буюканы, Paris , -",103616613,Вторичный,,,"2-х комнатная квартира,  Буюканы,  Кишинёв,  Кишинёв мун.",Продам,Агентство,2-х комнатная квартира,Нуждается в ремонте
Нет,Индивидуальная,,https://999.md/ru/102707586?location=subcategory&index=2345,,,Oткрытое,6,1,,105 000 €,9,42 м²,"Кишинёв мун., Кишинёв, Ботаника, str. Burebista, .",102707586,Новострой,,,"1-комнатная квартира,  Ботаника,  Кишинёв,  Кишинёв мун.",Продам,Агентство,1-комнатная квартира,Eвроремонт
2,,,https://999.md/ru/89437029?location=subcategory&index=2346,,,Oткрытое,12,1,,235 000 €,15,85 м²,Расположение,89437029,Новострой,,85 м²,"3-х комнатная квартира,  Ботаника,  Кишинёв,  Кишинёв мун.",Продам,Агентство,3-х комнатная квартира,Eвроремонт
,,,https://999.md/ru/103944661?location=subcategory&index=2347,,,,1,2,,78 900 €,5,57 м²,"Кишинёв мун., Кишинёв, Буюканы, str. Cornului, 5/1",103944661,Вторичный,,,"2-х комнатная квартира,  Буюканы,  Кишинёв,  Кишинёв мун.",Продам,Застройщик,2-х комнатная квартира,Косметический pемонт
1,,,https://999.md/ru/103944612?location=subcategory&index=2348,,,Oткрытое,5,2,,110 000 €,5,76 м²,"Кишинёв мун., Кишинёв, Буюканы, str. Bisericii, 1",103944612,Новострой,,,"2-х комнатная квартира,  Буюканы,  Кишинёв,  Кишинёв мун.",Продам,Застройщик,2-х комнатная квартира,Белый вариант
,,Квартира с ливингом,https://999.md/ru/102802063?location=subcategory&index=2349,,,,3,,,132 500 €,14,69 м²,"Кишинёв мун., Кишинёв, Центр, ул. Николае Тестемицану, 19/9",102802063,Новострой,,69 м²,"2-х комнатная квартира,  Центр,  Кишинёв,  Кишинёв мун.",Продам,Частное лицо,2-х комнатная квартира,Белый вариант
Нет,Индивидуальная,,https://999.md/ru/104075671?location=subcategory&index=2350,,,Oткрытое,8,1,,119 900 €,9,37 м²,"Кишинёв мун., Кишинёв, Ботаника, str-la Ghica Vodă, .",104075671,Новострой,,,"1-комнатная квартира,  Ботаника,  Кишинёв,  Кишинёв мун.",Продам,Агентство,1-комнатная квартира,Eвроремонт
1,143,,https://999.md/ru/104077452?clickToken=eyJhbGciOiJIUzI1NiIsInR5cCI6IkpXVCJ9.eyJleHAiOjE3NzY3MTE4MzYsIkMiOnsiciI6MSwiYiI6MTgwLCJjIjoyNzAsInoiOjE0MDQsImEiOiIxMDQwNzc0NTIiLCJpIjoiODkuMTQ5LjkzLjEzOSIsInMiOiJkZXNrdG9wIiwicCI6ImFkc19saXN0X2lubGluZSIsIngiOiIiLCJsIjoiZDcwNzEzZjEtOGE3My00ODJmLTgyNzEtNDYyZWFjMTM2YTNlIiwiZSI6Ijg5LjE0OS45My4xMzkiLCJnIjoicGx1cyIsInQiOiIyMDI2LTA0LTIwVDE4OjAzOjU2LjI3MDYzMzUyN1oifX0.6uMHIZT53JaCi-qOAFdiJJhrFu6Ylz3M0H1HWOYzc2w&placement=ADS_LIST_INLINE_REDESIGN&adType=booster&location=subcategory&index=2351,,,Oткрытое,8,1,,130 000 €,9,70 м²,"Кишинёв мун., Кодру, Центр, Str. Costiujeni, 6/1",104077452,Вторичный,,,"3-х комнатная квартира,  Центр,  Кодру,  Кишинёв мун.",Продам,Частное лицо,3-х комнатная квартира,Eвроремонт
,,,https://999.md/ru/103885890?location=subcategory&index=2352,,,Oткрытое,2,1,,79 900 €,9,36 м²,"Кишинёв мун., Кишинёв, Ботаника, str. Hristo Botev, 13/1",103885890,Вторичный,,,"1-комнатная квартира,  Ботаника,  Кишинёв,  Кишинёв мун.",Продам,Застройщик,1-комнатная квартира,Eвроремонт
,,Квартира с ливингом,https://999.md/ru/103886999?location=subcategory&index=2353,Ecovzor,,Oткрытое,4,1,,115 000 €,17,59 м²,"Кишинёв мун., Кишинёв, Старая Почта, str. Iazului, 38",103886999,Новострой,,,"1-комнатная квартира,  Старая Почта,  Кишинёв,  Кишинёв мун.",Продам,Застройщик,1-комнатная квартира,Белый вариант
3,Мс (Молд. Серия),Квартира с ливингом,https://999.md/ru/101232258?location=subcategory&index=2354,,,Oткрытое,4,2,,140 000 €,9,87 м²,"Кишинёв мун., Кишинёв, Чокана, bd. Mircea cel Batran, 4/1",101232258,Вторичный,Панельный,,"3-х комнатная квартира,  Чокана,  Кишинёв,  Кишинёв мун.",Продам,Агентство,3-х комнатная квартира,Косметический pемонт
1,102,,https://999.md/ru/103291586?location=subcategory&index=2355,,,Oткрытое,3,1,,139 900 €,5,72 м²,"Кишинёв мун., Кишинёв, Ботаника, str. Titulescu, -",103291586,Вторичный,,,"3-х комнатная квартира,  Ботаника,  Кишинёв,  Кишинёв мун.",Продам,Агентство,3-х комнатная квартира,Индивидуальный дизайн
1,Индивидуальная,,https://999.md/ru/102710416?location=subcategory&index=2356,,,Oткрытое,6,1,,43 500 €,11,38 м²,"Кишинёв мун., Дурлешты, Центр, ул. Николае Димо, .",102710416,Новострой,,,"1-комнатная квартира,  Центр,  Дурлешты,  Кишинёв мун.",,Агентство,1-комнатная квартира,Белый вариант
2,,,https://999.md/ru/103291952?location=subcategory&index=2357,Exfactor-grup,,Oткрытое,4,2,,87 890 €,9,47 м²,"Кишинёв мун., Кишинёв, Чокана, str. Nicolae Milescu Spatarul, 57",103291952,Новострой,,,"1-комнатная квартира,  Чокана,  Кишинёв,  Кишинёв мун.",Продам,Застройщик,1-комнатная квартира,Белый вариант
,,,https://999.md/ru/102837450?location=subcategory&index=2358,,,Oткрытое,2,1,,109 900 €,5,60 м²,"Кишинёв мун., Кишинёв, Ботаника, str. Hristo Botev, 3/1",102837450,Вторичный,,,"3-х комнатная квартира,  Ботаника,  Кишинёв,  Кишинёв мун.",Продам,Застройщик,3-х комнатная квартира,Eвроремонт
1,Индивидуальная,Квартира с ливингом,https://999.md/ru/88330261?location=subcategory&index=2359,,,Oткрытое,4,1,255 см,92 900 €,5,47 м²,"Кишинёв мун., Кишинёв, Телецентр, șos. Hâncești, 34/1",88330261,Вторичный,Kотельцовый,,"1-комнатная квартира,  Телецентр,  Кишинёв,  Кишинёв мун.",Продам,Застройщик,1-комнатная квартира,Eвроремонт
1,,,https://999.md/ru/102963353?location=subcategory&index=2360,,,Подземная,3,1,,83 665 €,7,58 м²,"Кишинёв мун., Дурлешты, Центр, str. Mihail Odatiuc, 36",102963353,Новострой,,,"1-комнатная квартира,  Центр,  Дурлешты,  Кишинёв мун.",Продам,Застройщик,1-комнатная квартира,Белый вариант
,Индивидуальная,Квартира с ливингом,https://999.md/ru/102440510?location=subcategory&index=2361,,,Oткрытое,2,1,,99 000 €,10,50 м²,"Кишинёв мун., Кишинёв, Телецентр, str. Ialoveni, .",102440510,Новострой,,,"1-комнатная квартира,  Телецентр,  Кишинёв,  Кишинёв мун.",Продам,Агентство,1-комнатная квартира,Eвроремонт
1,,,https://999.md/ru/101684259?location=subcategory&index=2362,,,,4,1,,135 000 €,12,68 м²,"Кишинёв мун., Кишинёв, Центр, str. N. Testemițanu, 17",101684259,Новострой,,,"2-х комнатная квартира,  Центр,  Кишинёв,  Кишинёв мун.",,Агентство,2-х комнатная квартира,Eвроремонт
1,,,https://999.md/ru/103373964?location=subcategory&index=2363,Exfactor-grup,,Oткрытое,1,1,,112 500 €,10,50 м²,"Кишинёв мун., Кишинёв, Буюканы, Ion Buzdugan, 1",103373964,Новострой,Kомбинированный,,"1-комнатная квартира,  Буюканы,  Кишинёв,  Кишинёв мун.",Продам,Агентство,1-комнатная квартира,Eвроремонт
1,,,https://999.md/ru/84215825?clickToken=eyJhbGciOiJIUzI1NiIsInR5cCI6IkpXVCJ9.eyJleHAiOjE3NzY3MTE4MzYsIkMiOnsiciI6MSwiYiI6MTAwLCJjIjoyNzAsInoiOjE0MDQsImEiOiI4NDIxNTgyNSIsImkiOiI4OS4xNDkuOTMuMTM5IiwicyI6ImRlc2t0b3AiLCJwIjoiYWRzX2xpc3RfaW5saW5lIiwieCI6InBybyIsImwiOiIzZTU1ODhmOS1mYTc5LTQ4NmItYmE5My0yZDNhNDgxMTgxODYiLCJlIjoiODkuMTQ5LjkzLjEzOSIsInQiOiIyMDI2LTA0LTIwVDE4OjAzOjU2LjI3MDc1MTk2MVoifX0.HqvCyu_NG6UqONIc0DQWp2rTV6Fux4snCdEqML7TXQw&placement=ADS_LIST_INLINE_REDESIGN&adType=booster&location=subcategory&index=2364,,,Oткрытое,9,,,700 €,9,67 м²,"Кишинёв мун., Кишинёв, Ботаника, str. Așhabad, 127/6",84215825,Новострой,,,"2-х комнатная квартира,  Ботаника,  Кишинёв,  Кишинёв мун.",Сдаю помесячно,Застройщик,2-х комнатная квартира,
2,Индивидуальная,,https://999.md/ru/103824960?location=subcategory&index=2365,,,Подземная,7,2,,101 520 €,21,71 м²,"Кишинёв мун., Кишинёв, Ботаника, Dacia, 59",103824960,Новострой,Kирпичный,,"2-х комнатная квартира,  Ботаника,  Кишинёв,  Кишинёв мун.",Продам,Агентство,2-х комнатная квартира,Незавершенное cтроительство
1,Индивидуальная,,https://999.md/ru/103942683?location=subcategory&index=2366,Golban Trade,,Oткрытое,1,1,,94 999 €,10,47 м²,"Кишинёв мун., Дурлешты, Центр, Regina Elisabeta, 2",103942683,Новострой,Ячеистый Бетон,,"1-комнатная квартира,  Центр,  Дурлешты,  Кишинёв мун.",,Агентство,1-комнатная квартира,Eвроремонт
1,Индивидуальная,,https://999.md/ru/103303176?location=subcategory&index=2367,Estate Invest Company,,Подземная,4,2,,94 900 €,6,68 м²,"Кишинёв мун., Думбрава, Окраина, Durlesti, 6",103303176,Новострой,Ячеистый Бетон,,"2-х комнатная квартира,  Окраина,  Думбрава,  Кишинёв мун.",Продам,Агентство,2-х комнатная квартира,Белый вариант
Нет,,,https://999.md/ru/103477417?location=subcategory&index=2368,Estate Invest Company,,Oткрытое,8,1,,129 900 €,11,62 м²,"Кишинёв мун., Дурлешты, Окраина, Ialoveni, 136",103477417,Новострой,Kомбинированный,,"2-х комнатная квартира,  Окраина,  Дурлешты,  Кишинёв мун.",Продам,Агентство,2-х комнатная квартира,Eвроремонт
Нет,Индивидуальная,,https://999.md/ru/103350029?location=subcategory&index=2369,,,Oткрытое,1,1,,94 900 €,7,48 м²,"Кишинёв мун., Криково, Центр, Chisinaului, 62",103350029,Новострой,Kомбинированный,,"1-комнатная квартира,  Центр,  Криково,  Кишинёв мун.",Продам,Агентство,1-комнатная квартира,Eвроремонт
1,Мс (Молд. Серия),,https://999.md/ru/103870561?location=subcategory&index=2370,,,Oткрытое,9,2,,114 900 €,9,72 м²,"Кишинёв мун., Кишинёв, Чокана, Igor Vieru, 14/1",103870561,Вторичный,Панельный,,"3-х комнатная квартира,  Чокана,  Кишинёв,  Кишинёв мун.",Продам,Агентство,3-х комнатная квартира,Eвроремонт
1,Индивидуальная,,https://999.md/ru/101496723?location=subcategory&index=2371,Lagmar Impex,,Oткрытое,6,1,,205 000 €,9,68 м²,"Кишинёв мун., Кишинёв, Центр, Panteleimon Halipa, 6E",101496723,Новострой,Kирпичный,,"2-х комнатная квартира,  Центр,  Кишинёв,  Кишинёв мун.",,Агентство,2-х комнатная квартира,Eвроремонт
1,Индивидуальная,,https://999.md/ru/103347751?location=subcategory&index=2372,Lagmar Impex,,Oткрытое,4,1,,58 290 €,9,41 м²,"Кишинёв мун., Кишинёв, Телецентр, Sos.Hincesti, 142 E",103347751,Новострой,Kомбинированный,,"1-комнатная квартира,  Телецентр,  Кишинёв,  Кишинёв мун.",Продам,Агентство,1-комнатная квартира,Незавершенное cтроительство
Нет,Индивидуальная,,https://999.md/ru/103860096?location=subcategory&index=2373,Estate Invest Company,,,3,1,,106 000 €,10,50 м²,"Кишинёв мун., Кишинёв, Телецентр, Ialoveni, 136",103860096,Новострой,Kомбинированный,,"1-комнатная квартира,  Телецентр,  Кишинёв,  Кишинёв мун.",Продам,Агентство,1-комнатная квартира,Eвроремонт
Нет,Индивидуальная,,https://999.md/ru/103961751?location=subcategory&index=2374,Nicons,,Oткрытое,9,1,,57 500 €,10,48 м²,"Кишинёв мун., Дурлешты, Центр, Cartușa, 99/7",103961751,Новострой,Kирпичный,,"1-комнатная квартира,  Центр,  Дурлешты,  Кишинёв мун.",,Агентство,1-комнатная квартира,Белый вариант
1,,Квартира с ливингом,https://999.md/ru/104101728?clickToken=eyJhbGciOiJIUzI1NiIsInR5cCI6IkpXVCJ9.eyJleHAiOjE3NzY3MTE4MzYsIkMiOnsiciI6MSwiYiI6MTgwLCJjIjoyNzAsInoiOjE0MDQsImEiOiIxMDQxMDE3MjgiLCJpIjoiODkuMTQ5LjkzLjEzOSIsInMiOiJkZXNrdG9wIiwicCI6ImFkc19saXN0X2lubGluZSIsIngiOiIiLCJsIjoiZjFiYmE3ZjUtM2Y4ZC00OTBjLWE5ZWUtZmNjZGI2MGI5YjE0IiwiZSI6Ijg5LjE0OS45My4xMzkiLCJnIjoidHVyYm8iLCJ0IjoiMjAyNi0wNC0yMFQxODowMzo1Ni4yNzA4MjU3MjRaIn19.2x77ywl1LR4vk13mkU3OJj78dqCn-U1b7_S1lwvLtEU&placement=ADS_LIST_INLINE_REDESIGN&adType=booster&location=subcategory&index=2375,Exfactor-grup,,Подземная,9,2,,192 000 €,13,75 м²,"Кишинёв мун., Кишинёв, Буюканы, str. Vasile Lupu, 28",104101728,Новострой,Kирпичный,,"2-х комнатная квартира,  Буюканы,  Кишинёв,  Кишинёв мун.",Продам,Агентство,2-х комнатная квартира,Eвроремонт
Нет,Индивидуальная,,https://999.md/ru/103324479?location=subcategory&index=2376,,,Oткрытое,1,1,,96 400 €,4,48 м²,"Кишинёв мун., Кишинёв, Буюканы, Suceava, 110/1",103324479,Новострой,Kирпичный,,"1-комнатная квартира,  Буюканы,  Кишинёв,  Кишинёв мун.",Продам,Агентство,1-комнатная квартира,Белый вариант
1,Индивидуальная,,https://999.md/ru/103245116?location=subcategory&index=2377,Solomon Construct Imobil,,,8,2,,112 500 €,12,72 м²,"Кишинёв мун., Кишинёв, Ботаника, Grenoble, 134/2",103245116,Новострой,Kирпичный,,"2-х комнатная квартира,  Ботаника,  Кишинёв,  Кишинёв мун.",Продам,Агентство,2-х комнатная квартира,Незавершенное cтроительство
2,Индивидуальная,,https://999.md/ru/103807098?location=subcategory&index=2378,Orizont Construct,,Oткрытое,6,2,,185 500 €,10,106 м²,"Кишинёв мун., Кишинёв, Буюканы, Alba Iulia, 93",103807098,Новострой,Kотельцовый,,"3-х комнатная квартира,  Буюканы,  Кишинёв,  Кишинёв мун.",Продам,Агентство,3-х комнатная квартира,Косметический pемонт
Нет,Индивидуальная,,https://999.md/ru/103971132?location=subcategory&index=2379,,,Подземная,3,1,,77 000 €,15,45 м²,"Кишинёв мун., Кишинёв, Рышкановка, Renasterii Nationale, 33",103971132,Новострой,Kирпичный,,"1-комнатная квартира,  Рышкановка,  Кишинёв,  Кишинёв мун.",Продам,Агентство,1-комнатная квартира,Незавершенное cтроительство
1,Индивидуальная,,https://999.md/ru/103476762?location=subcategory&index=2380,Solomon Construct Imobil,,Oткрытое,9,1,,99 500 €,11,60 м²,"Кишинёв мун., Кишинёв, Ботаника, Jubiliara 39/1, 39/1",103476762,Новострой,Kирпичный,,"2-х комнатная квартира,  Ботаника,  Кишинёв,  Кишинёв мун.",Продам,Агентство,2-х комнатная квартира,Белый вариант
4 и более,Индивидуальная,,https://999.md/ru/103755170?location=subcategory&index=2381,Terconvit SA,,Oткрытое,4,2,,299 000 €,8,134 м²,"Кишинёв мун., Кишинёв, Центр, Mitropolit Petru Movilă, 23/5",103755170,Новострой,Kотельцовый,,"3-х комнатная квартира,  Центр,  Кишинёв,  Кишинёв мун.",Продам,Агентство,3-х комнатная квартира,Eвроремонт
Нет,,,https://999.md/ru/103411424?location=subcategory&index=2382,,,Oткрытое,4,1,,44 900 €,5,24 м²,"Кишинёв мун., Кишинёв, Ботаника, Salcâmilor, 22/7",103411424,Вторичный,Kотельцовый,,"Комната,  Ботаника,  Кишинёв,  Кишинёв мун.",Продам,Агентство,Комната,Eвроремонт
,,,https://999.md/ru/104083094?clickToken=eyJhbGciOiJIUzI1NiIsInR5cCI6IkpXVCJ9.eyJleHAiOjE3NzY3MTE4MzYsIkMiOnsiciI6MSwiYiI6MTgwLCJjIjoyNzAsInoiOjE0MDQsImEiOiIxMDQwODMwOTQiLCJpIjoiODkuMTQ5LjkzLjEzOSIsInMiOiJkZXNrdG9wIiwicCI6ImFkc19saXN0X2lubGluZSIsIngiOiIiLCJsIjoiNzQ4OWVjNGQtNTQxNy00ZTY0LTg1OTMtYzhkNmNkZTQ5NDA5IiwiZSI6Ijg5LjE0OS45My4xMzkiLCJnIjoicGx1cyIsInQiOiIyMDI2LTA0LTIwVDE4OjAzOjU2LjI3MDg4MzY3NVoifX0.myJYSa4_118IeBFhbb23KVJKvQ8jDNfzxzGn74OUBTE&placement=ADS_LIST_INLINE_REDESIGN&adType=booster&location=subcategory&index=2383,,,,1,,,550 €,10,43 м²,"Кишинёв мун., Кишинёв, Рышкановка, Bulevardul Renașterii Naționale 4, 4",104083094,Новострой,Блочный,,"Комната,  Рышкановка,  Кишинёв,  Кишинёв мун.",Сдаю помесячно,Частное лицо,Комната,Eвроремонт
1,Индивидуальная,,https://999.md/ru/103734101?location=subcategory&index=2384,,,Oткрытое,4,2,,114 900 €,9,66 м²,"Кишинёв мун., Кишинёв, Чокана, Milescu Spataru, 57\c",103734101,Новострой,Kирпичный,,"2-х комнатная квартира,  Чокана,  Кишинёв,  Кишинёв мун.",Продам,Агентство,2-х комнатная квартира,Незавершенное cтроительство
1,Индивидуальная,,https://999.md/ru/103025477?location=subcategory&index=2385,Eldorado Terra,,Oткрытое,11,1,,108 000 €,16,42 м²,"Кишинёв мун., Кишинёв, Буюканы, Nicolae Testemițanu, 3/10",103025477,Новострой,Ячеистый Бетон,,"1-комнатная квартира,  Буюканы,  Кишинёв,  Кишинёв мун.",Продам,Агентство,1-комнатная квартира,Eвроремонт
1,Индивидуальная,,https://999.md/ru/102154341?location=subcategory&index=2386,Exfactor-grup,,Oткрытое,7,2,,129 990 €,10,72 м²,"Кишинёв мун., Кишинёв, Буюканы, Ion Buzdugan, 13",102154341,Новострой,Kирпичный,,"2-х комнатная квартира,  Буюканы,  Кишинёв,  Кишинёв мун.",Продам,Агентство,2-х комнатная квартира,Белый вариант
Нет,Индивидуальная,,https://999.md/ru/101872804?location=subcategory&index=2387,Inamstro,,Oткрытое,4,1,,120 000 €,6,48 м²,"Кишинёв мун., Кишинёв, Буюканы, Liviu Deleanu, 10/7",101872804,Новострой,Kирпичный,,"1-комнатная квартира,  Буюканы,  Кишинёв,  Кишинёв мун.",Продам,Агентство,1-комнатная квартира,Eвроремонт
1,,,https://999.md/ru/102259314?location=subcategory&index=2388,,,Oткрытое,3,1,,54 000 €,9,45 м²,"Кишинёв мун., Дурлешты, Центр, Cartusa, 95/5",102259314,Новострой,Kирпичный,,"1-комнатная квартира,  Дурлешты,  Кишинёв,  Кишинёв мун.",Продам,Агентство,1-комнатная квартира,Белый вариант
1,Индивидуальная,,https://999.md/ru/103135717?location=subcategory&index=2389,Inamstro,,Oткрытое,3,1,,219 000 €,11,88 м²,"Кишинёв мун., Кишинёв, Буюканы, Ioana Radu, 27/2",103135717,Новострой,Kирпичный,,"2-х комнатная квартира,  Буюканы,  Кишинёв,  Кишинёв мун.",Продам,Агентство,2-х комнатная квартира,Eвроремонт
1,Брж (Брежневка),,https://999.md/ru/103022148?location=subcategory&index=2390,,,Oткрытое,6,1,,75 000 €,6,51 м²,"Кишинёв мун., Кишинёв, Ботаника, Nicolai Zelinski, 35",103022148,Вторичный,Kотельцовый,,"1-комнатная квартира,  Ботаника,  Кишинёв,  Кишинёв мун.",Продам,Агентство,1-комнатная квартира,Eвроремонт
1,Индивидуальная,,https://999.md/ru/103815458?location=subcategory&index=2391,Poliprim Grup,,Oткрытое,2,1,,49 500 €,9,48 м²,"Кишинёв мун., Дурлешты, Центр, Nicolae Dimo, 24",103815458,Новострой,Kотельцовый,,"1-комнатная квартира,  Центр,  Дурлешты,  Кишинёв мун.",Продам,Агентство,1-комнатная квартира,Незавершенное cтроительство
1,Индивидуальная,,https://999.md/ru/102644857?location=subcategory&index=2392,Solomon Construct Imobil,,Подземная,5,2,,109 900 €,12,73 м²,"Кишинёв мун., Кишинёв, Ботаника, Grenoble, 134",102644857,Новострой,Kирпичный,,"2-х комнатная квартира,  Ботаника,  Кишинёв,  Кишинёв мун.",Продам,Агентство,2-х комнатная квартира,Незавершенное cтроительство
2,Индивидуальная,,https://999.md/ru/100805989?location=subcategory&index=2393,Basconslux,,Oткрытое,12,2,,149 900 €,11,81 м²,"Кишинёв мун., Кишинёв, Буюканы, Alba Iulia, 87",100805989,Новострой,Kотельцовый,,"2-х комнатная квартира,  Буюканы,  Кишинёв,  Кишинёв мун.",Продам,Агентство,2-х комнатная квартира,Eвроремонт
Нет,Индивидуальная,,https://999.md/ru/102175389?location=subcategory&index=2394,Dansicons,,Oткрытое,4,1,,178 000 €,10,65 м²,"Кишинёв мун., Кишинёв, Буюканы, Nicolae Costin, 54",102175389,Новострой,Kирпичный,,"2-х комнатная квартира,  Буюканы,  Кишинёв,  Кишинёв мун.",,Агентство,2-х комнатная квартира,Eвроремонт
Нет,Гостинка,,https://999.md/ru/103681384?location=subcategory&index=2395,,,,2,1,,31 200 €,5,28 м²,"Кишинёв мун., Кишинёв, Ботаника, Muncești, 812",103681384,Вторичный,Kотельцовый,,"1-комнатная квартира,  Ботаника,  Кишинёв,  Кишинёв мун.",Продам,Агентство,1-комнатная квартира,Без ремонта
1,Мс (Молд. Серия),,https://999.md/ru/103227962?location=subcategory&index=2396,,,Oткрытое,8,2,,85 000 €,10,54 м²,"Кишинёв мун., Кишинёв, Чокана, Nicolae Milescu Spătarul, 1",103227962,Вторичный,Панельный,,"2-х комнатная квартира,  Чокана,  Кишинёв,  Кишинёв мун.",Продам,Агентство,2-х комнатная квартира,Eвроремонт
1,,,https://999.md/ru/103522826?clickToken=eyJhbGciOiJIUzI1NiIsInR5cCI6IkpXVCJ9.eyJleHAiOjE3NzY3MTE4MzYsIkMiOnsiciI6MSwiYiI6MTAwLCJjIjoyNzAsInoiOjE0MDQsImEiOiIxMDM1MjI4MjYiLCJpIjoiODkuMTQ5LjkzLjEzOSIsInMiOiJkZXNrdG9wIiwicCI6ImFkc19saXN0X2lubGluZSIsIngiOiIiLCJsIjoiNTFlNTNmZWQtMzI5MS00ODgzLTliN2YtMDAwMGU2NGNlZWJhIiwiZSI6Ijg5LjE0OS45My4xMzkiLCJ0IjoiMjAyNi0wNC0yMFQxODowMzo1Ni4yNzEwMTU0NThaIn19.cCn8vDzcNaCbDjStXJ5hOAA9aBaDshcZjHhdTTFH4MQ&placement=ADS_LIST_INLINE_REDESIGN&adType=booster&location=subcategory&index=2397,,,,1,,,22 000 €,3,42 м²,"Резина, Резина, Центр, str. Păcii, 53",103522826,Вторичный,Kотельцовый,,"2-х комнатная квартира,  Центр,  Резина,  Резина",Продам,Частное лицо,2-х комнатная квартира,Косметический pемонт
Нет,Индивидуальная,,https://999.md/ru/103961357?location=subcategory&index=2398,Golban Trade,,Oткрытое,6,1,,89 900 €,7,43 м²,"Кишинёв мун., Дурлешты, Центр, Regina Elisabeta, 2/B",103961357,Новострой,Kирпичный,,"1-комнатная квартира,  Центр,  Дурлешты,  Кишинёв мун.",Продам,Агентство,1-комнатная квартира,Eвроремонт
1,Индивидуальная,,https://999.md/ru/103227701?location=subcategory&index=2399,,,Oткрытое,9,1,,148 000 €,11,66 м²,"Кишинёв мун., Кишинёв, Рышкановка, Dimo, 4/1",103227701,Новострой,Kирпичный,,"2-х комнатная квартира,  Рышкановка,  Кишинёв,  Кишинёв мун.",,Агентство,2-х комнатная квартира,Eвроремонт
2,Индивидуальная,,https://999.md/ru/103551729?location=subcategory&index=2400,,,Oткрытое,4,1,,104 900 €,16,64 м²,"Кишинёв мун., Кишинёв, Скулянка, Calea Ieșilor, 61/2",103551729,Вторичный,Mонолитный,,"3-х комнатная квартира,  Скулянка,  Кишинёв,  Кишинёв мун.",Продам,Агентство,3-х комнатная квартира,Косметический pемонт
1,Индивидуальная,,https://999.md/ru/102075999?location=subcategory&index=2401,Nicons,,Oткрытое,8,1,,61 490 €,10,52 м²,"Кишинёв мун., Дурлешты, Центр, Cartusa, 99/10",102075999,Новострой,Kомбинированный,,"2-х комнатная квартира,  Дурлешты,  Кишинёв,  Кишинёв мун.",Продам,Агентство,2-х комнатная квартира,Незавершенное cтроительство
,,Квартира с ливингом,https://999.md/ru/103491183?location=subcategory&index=2402,,,Oткрытое,3,1,,98 000 €,10,42 м²,"Кишинёв мун., Кишинёв, Рышкановка, str. Tudor Vladimirescu, 12/2",103491183,Новострой,,,"1-комнатная квартира,  Рышкановка,  Кишинёв,  Кишинёв мун.",Продам,Застройщик,1-комнатная квартира,Eвроремонт
1,,,https://999.md/ru/87741757?location=subcategory&index=2403,Estate Invest Company,,,Цоколь,,,81 420 €,6,59 м²,"Кишинёв мун., Думбрава, Центр, str. Durlești, 2b",87741757,Новострой,Kирпичный,,"2-х комнатная квартира,  Центр,  Думбрава,  Кишинёв мун.",Продам,Застройщик,2-х комнатная квартира,
,,,https://999.md/ru/103607853?location=subcategory&index=2404,Lagmar Impex,,Oткрытое,4,1,,56 700 €,9,42 м²,"Кишинёв мун., Кишинёв, Телецентр, șos. Hâncești, 142",103607853,Новострой,,,"1-комнатная квартира,  Телецентр,  Кишинёв,  Кишинёв мун.",Продам,Застройщик,1-комнатная квартира,Белый вариант
,,,https://999.md/ru/89846135?location=subcategory&index=2405,,,,9,,,370 000 €,14,152 м²,"Кишинёв мун., Кишинёв, Ботаника, str. Hristo Botev, 6",89846135,Новострой,,152 м²,"3-х комнатная квартира,  Ботаника,  Кишинёв,  Кишинёв мун.",Продам,Агентство,3-х комнатная квартира,
1,,Квартира с ливингом,https://999.md/ru/103571007?location=subcategory&index=2406,,,,7,2,,150 900 €,8,71 м²,"Кишинёв мун., Кишинёв, Старая Почта, str. Iazului, ---",103571007,Новострой,,,"2-х комнатная квартира,  Старая Почта,  Кишинёв,  Кишинёв мун.",Продам,Агентство,2-х комнатная квартира,
2,,,https://999.md/ru/103871147?location=subcategory&index=2407,Gonvaro-Con,,Oткрытое,4,2,,123 950 €,8,67 м²,"Кишинёв мун., Кишинёв, Буюканы, str. Drumul Taberei, 23",103871147,Новострой,,,"2-х комнатная квартира,  Буюканы,  Кишинёв,  Кишинёв мун.",Продам,Застройщик,2-х комнатная квартира,Белый вариант
3,,Квартира с ливингом,https://999.md/ru/103836302?location=subcategory&index=2408,Astercon,,,5,2,,119 900 €,12,65 м²,"Кишинёв мун., Кишинёв, Буюканы, str. Vasile Lupu, 61/4",103836302,Новострой,,,"2-х комнатная квартира,  Буюканы,  Кишинёв,  Кишинёв мун.",Продам,Агентство,2-х комнатная квартира,Белый вариант
,,Квартира с ливингом,https://999.md/ru/104035307?clickToken=eyJhbGciOiJIUzI1NiIsInR5cCI6IkpXVCJ9.eyJleHAiOjE3NzY3MTE4MzYsIkMiOnsiciI6MSwiYiI6MTQwLCJjIjoyNzAsInoiOjE0MDQsImEiOiIxMDQwMzUzMDciLCJpIjoiODkuMTQ5LjkzLjEzOSIsInMiOiJkZXNrdG9wIiwicCI6ImFkc19saXN0X2lubGluZSIsIngiOiJwcm8iLCJsIjoiOWNhMDc4ZjEtNDUyMy00OWM5LWE0OGEtZDdjZmE2Y2ZlYzI4IiwiZSI6Ijg5LjE0OS45My4xMzkiLCJnIjoibGl0ZSIsInQiOiIyMDI2LTA0LTIwVDE4OjAzOjU2LjI3MTEyNzIzN1oifX0.uEF_vUko8p-8mzEC3l4YpBnkt7ibNFt7xX_T5kvpy84&placement=ADS_LIST_INLINE_REDESIGN&adType=booster&location=subcategory&index=2409,,,,7,,,1 499 €,13,105 м²,"Кишинёв мун., Кишинёв, Центр, str. Ciuflea, 1",104035307,Новострой,,,"2-х комнатная квартира,  Центр,  Кишинёв,  Кишинёв мун.",Сдаю помесячно,Агентство,2-х комнатная квартира,
,,Квартира с ливингом,https://999.md/ru/103776302?location=subcategory&index=2410,,,,2,,,73 405 €,5,63 м²,"Кишинёв мун., Дурлешты, Центр, str. Bisericii, ---",103776302,Новострой,,,"2-х комнатная квартира,  Центр,  Дурлешты,  Кишинёв мун.",Продам,Агентство,2-х комнатная квартира,
1,Мс (Молд. Серия),,https://999.md/ru/104116282?location=subcategory&index=2411,,,Oткрытое,5,2,,119 900 €,5,71 м²,"Кишинёв мун., Кишинёв, Ботаника, str. Independenței, 20/1",104116282,Вторичный,Mонолитный,68 м²,"3-х комнатная квартира,  Ботаника,  Кишинёв,  Кишинёв мун.",,Застройщик,3-х комнатная квартира,Eвроремонт
2,,,https://999.md/ru/100038769?location=subcategory&index=2412,Exfactor-grup,,,3,2,,107 500 €,9,72 м²,"Кишинёв мун., Кишинёв, Ботаника, bd. Dacia, 60/5",100038769,Новострой,,,"2-х комнатная квартира,  Ботаника,  Кишинёв,  Кишинёв мун.",Продам,Агентство,2-х комнатная квартира,Белый вариант
,,,https://999.md/ru/102941804?location=subcategory&index=2413,,,Подземная,2,2,,175 000 €,9,68 м²,"Кишинёв мун., Кишинёв, Буюканы,  Alba Iulia , 113",102941804,Новострой,,,"2-х комнатная квартира,  Буюканы,  Кишинёв,  Кишинёв мун.",Продам,Агентство,2-х комнатная квартира,Eвроремонт
,,,https://999.md/ru/103894046?location=subcategory&index=2414,,,,2,,,59 150 €,6,36 м²,"Кишинёв мун., Кишинёв, Буюканы, str-la Bisericii, 17",103894046,Новострой,,,"1-комнатная квартира,  Буюканы,  Кишинёв,  Кишинёв мун.",,Застройщик,1-комнатная квартира,Белый вариант
,,,https://999.md/ru/103935844?location=subcategory&index=2415,,,,2,2,,73 000 €,12,32 м²,"Кишинёв мун., Кишинёв, Буюканы, str. Vasile Lupu, 61",103935844,Новострой,,,"1-комнатная квартира,  Буюканы,  Кишинёв,  Кишинёв мун.",Продам,Агентство,1-комнатная квартира,Eвроремонт
,,,https://999.md/ru/103542897?location=subcategory&index=2416,,,,5,1,,174 800 €,5,92 м²,"Кишинёв мун., Кишинёв, Ботаника,  bd. Dacia , 159",103542897,Новострой,,,"2-х комнатная квартира,  Ботаника,  Кишинёв,  Кишинёв мун.",Продам,Агентство,2-х комнатная квартира,Белый вариант
,,,https://999.md/ru/102413646?location=subcategory&index=2417,,,Подземная,11,1,,114 000 €,14,67 м²,"Кишинёв мун., Кишинёв, Ботаника, Gradina Botanica, 18",102413646,Новострой,Kомбинированный,,"2-х комнатная квартира,  Ботаника,  Кишинёв,  Кишинёв мун.",,Агентство,2-х комнатная квартира,Белый вариант
1,Индивидуальная,,https://999.md/ru/103833913?location=subcategory&index=2418,,,Oткрытое,4,1,,129 900 €,5,56 м²,"Кишинёв мун., Кишинёв, Ботаника, bd. Cuza Voda, .",103833913,Вторичный,,,"2-х комнатная квартира,  Ботаника,  Кишинёв,  Кишинёв мун.",Продам,Агентство,2-х комнатная квартира,Eвроремонт
,,,https://999.md/ru/104065687?location=subcategory&index=2419,,,,8,,,130 000 €,10,63 м²,"Кишинёв мун., Кишинёв, Центр, șos. Hâncești, --",104065687,Новострой,,,"2-х комнатная квартира,  Центр,  Кишинёв,  Кишинёв мун.",Продам,Агентство,2-х комнатная квартира,
2,Индивидуальная,,https://999.md/ru/103818524?location=subcategory&index=2420,,,Oткрытое,12,2,,189 900 €,14,85 м²,"Кишинёв мун., Кишинёв, Ботаника, bd. Cuza Voda, .",103818524,Новострой,,,"3-х комнатная квартира,  Ботаника,  Кишинёв,  Кишинёв мун.",Продам,Агентство,3-х комнатная квартира,Eвроремонт
2,Индивидуальная,,https://999.md/ru/103557670?location=subcategory&index=2421,,,Подземная,7,2,,139 900 €,16,86 м²,"Кишинёв мун., Кишинёв, Ботаника, Str. Tudor Strișcă , 19",103557670,Новострой,Kомбинированный,,"3-х комнатная квартира,  Ботаника,  Кишинёв,  Кишинёв мун.",Продам,Агентство,3-х комнатная квартира,Белый вариант
1,,,https://999.md/ru/85529827?location=subcategory&index=2422,,,Гараж,1,1,,54 900 €,10,42 м²,Расположение,85529827,Новострой,,42 м²,"1-комнатная квартира,  Ботаника,  Кишинёв,  Кишинёв мун.",Продам,Агентство,1-комнатная квартира,Белый вариант
1,Индивидуальная,,https://999.md/ru/103754844?location=subcategory&index=2423,,,Oткрытое,6,1,,162 000 €,10,60 м²,"Кишинёв мун., Кишинёв, Буюканы, str. Lipcani, .",103754844,Новострой,,,"2-х комнатная квартира,  Буюканы,  Кишинёв,  Кишинёв мун.",Продам,Агентство,2-х комнатная квартира,Eвроремонт
1,Индивидуальная,,https://999.md/ru/103026934?location=subcategory&index=2424,,,Oткрытое,2,2,,135 000 €,10,65 м²,"Кишинёв мун., Кишинёв, Рышкановка, Andrei Doga, 32/7",103026934,Новострой,Kотельцовый,,"2-х комнатная квартира,  Рышкановка,  Кишинёв,  Кишинёв мун.",Продам,Агентство,2-х комнатная квартира,Eвроремонт
,,Квартира с ливингом,https://999.md/ru/103136717?clickToken=eyJhbGciOiJIUzI1NiIsInR5cCI6IkpXVCJ9.eyJleHAiOjE3NzY3MTE4MzYsIkMiOnsiciI6MSwiYiI6MTQwLCJjIjoyNzAsInoiOjE0MDQsImEiOiIxMDMxMzY3MTciLCJpIjoiODkuMTQ5LjkzLjEzOSIsInMiOiJkZXNrdG9wIiwicCI6ImFkc19saXN0X2Zvb3RlciIsIngiOiIiLCJsIjoiMjUwODk2MzEtZTc3OS00MzUxLWFlMWQtOTNhY2YyNTMyM2ZmIiwiZSI6Ijg5LjE0OS45My4xMzkiLCJnIjoibGl0ZSIsInQiOiIyMDI2LTA0LTIwVDE4OjAzOjU2LjI1ODE1OTI3WiJ9fQ.Efzkqo3A_YU3lK2XhudHfh7m7FSZSsuAgN6olZqtU6U&placement=ADS_LIST_FOOTER_REDESIGN&adType=booster&location=subcategory&index=9,,,,9,,,650 €,13,40 м²,"Кишинёв мун., Кишинёв, Центр, bd. Renașterii Naționale, 10",103136717,Новострой,,,"Комната,  Центр,  Кишинёв,  Кишинёв мун.",Сдаю помесячно,Частное лицо,Комната,Индивидуальный дизайн
1,,Квартира с ливингом,https://999.md/ru/104018272?clickToken=eyJhbGciOiJIUzI1NiIsInR5cCI6IkpXVCJ9.eyJleHAiOjE3NzY3MTE4MzYsIkMiOnsiciI6MSwiYiI6MTQwLCJjIjoyNzAsInoiOjE0MDQsImEiOiIxMDQwMTgyNzIiLCJpIjoiODkuMTQ5LjkzLjEzOSIsInMiOiJkZXNrdG9wIiwicCI6ImFkc19saXN0X2Zvb3RlciIsIngiOiIiLCJsIjoiZDkyOGQ1YzctYWVjOS00M2M2LThhYjEtNDBiYWI0M2YzNDEzIiwiZSI6Ijg5LjE0OS45My4xMzkiLCJnIjoibGl0ZSIsInQiOiIyMDI2LTA0LTIwVDE4OjAzOjU2LjI1ODIwMjc1OVoifX0.0GdvMBmxsuQCQEv7OVfX2I2Z9qIaAzwQn5smYdWoQ8I&placement=ADS_LIST_FOOTER_REDESIGN&adType=booster&location=subcategory&index=10,,,Oткрытое,2,1,,90 000 €,5,50 м²,"Кишинёв мун., Кишинёв, Чокана, str. Movileni, 26",104018272,Новострой,,,"2-х комнатная квартира,  Чокана,  Кишинёв,  Кишинёв мун.",Продам,Частное лицо,2-х комнатная квартира,Eвроремонт
,,Квартира с ливингом,https://999.md/ru/101794818?clickToken=eyJhbGciOiJIUzI1NiIsInR5cCI6IkpXVCJ9.eyJleHAiOjE3NzY3MTE4MzYsIkMiOnsiciI6MSwiYiI6MTgwLCJjIjoyNzAsInoiOjE0MDQsImEiOiIxMDE3OTQ4MTgiLCJpIjoiODkuMTQ5LjkzLjEzOSIsInMiOiJkZXNrdG9wIiwicCI6ImFkc19saXN0X2Zvb3RlciIsIngiOiJwcmVtaXVtIiwibCI6ImNkMjVlNDlkLTBiNDgtNDEzZi05YWIwLWFjZTRhY2Q1ZmQ3OSIsImUiOiI4OS4xNDkuOTMuMTM5IiwiZyI6InR1cmJvIiwidCI6IjIwMjYtMDQtMjBUMTg6MDM6NTYuMjU4MjY2MzQ2WiJ9fQ.by6Y1RDEmis3ZLL474k1IdbzhPol0Q3SblwJAsf4YYw&placement=ADS_LIST_FOOTER_REDESIGN&adType=booster&location=subcategory&index=11,Solomon Construct Imobil,,,5,,290 см,79 123 €,9,72 м²,"Кишинёв мун., Дурлешты, Центр, str. Nicolae Dimo, 24a",101794818,Новострой,,,"2-х комнатная квартира,  Центр,  Дурлешты,  Кишинёв мун.",Продам,Застройщик,2-х комнатная квартира,Незавершенное cтроительство
1,,,https://999.md/ru/74218641?clickToken=eyJhbGciOiJIUzI1NiIsInR5cCI6IkpXVCJ9.eyJleHAiOjE3NzY3MTE4MzYsIkMiOnsiciI6MSwiYiI6MTAwLCJjIjoyNzAsInoiOjE0MDQsImEiOiI3NDIxODY0MSIsImkiOiI4OS4xNDkuOTMuMTM5IiwicyI6ImRlc2t0b3AiLCJwIjoiYWRzX2xpc3RfZm9vdGVyIiwieCI6InByZW1pdW0iLCJsIjoiYWU5NDFlNGItMTgwZS00ZWNhLWE5MTYtM2FlZWEyY2IzMGYxIiwiZSI6Ijg5LjE0OS45My4xMzkiLCJ0IjoiMjAyNi0wNC0yMFQxODowMzo1Ni4yNTgzMTA3NjRaIn19.Pmn8Fw-c-NyQYDRVAonNov2D5JHAXHu1iR8K_LO0Rbo&placement=ADS_LIST_FOOTER_REDESIGN&adType=booster&location=subcategory&index=12,Astercon,13 м²,Гараж,9,2,275 см,121 075 €,9,84 м²,"Кишинёв мун., Дурлешты, Центр, str. Durlesti, 10/B",74218641,Новострой,Kотельцовый,,"3-х комнатная квартира,  Центр,  Дурлешты,  Кишинёв мун.",Продам,Застройщик,3-х комнатная квартира,Белый вариант
1,,,https://999.md/ru/102719873?clickToken=eyJhbGciOiJIUzI1NiIsInR5cCI6IkpXVCJ9.eyJleHAiOjE3NzY3MTE4MzYsIkMiOnsiciI6MSwiYiI6MTQwLCJjIjoyNzAsInoiOjE0MDQsImEiOiIxMDI3MTk4NzMiLCJpIjoiODkuMTQ5LjkzLjEzOSIsInMiOiJkZXNrdG9wIiwicCI6ImFkc19saXN0X2Zvb3RlciIsIngiOiIiLCJsIjoiMmI3MjU4OGYtMzBhZi00OWIzLWE2ZTUtZjcyNjExZGFiYzRjIiwiZSI6Ijg5LjE0OS45My4xMzkiLCJnIjoibGl0ZSIsInQiOiIyMDI2LTA0LTIwVDE4OjAzOjU2LjI1NzcyOTg1MloifX0.aEJhy93nQ4SgyZDLbNtVJbLUKU_-s74immqYVGl0cps&placement=ADS_LIST_FOOTER_REDESIGN&adType=booster&location=subcategory&index=1,,,,2,1,,799 MDL,14,55 м²,"Кишинёв мун., Кишинёв, Ботаника, str. Belgrad, 19",102719873,Новострой,Бетон,,"1-комнатная квартира,  Ботаника,  Кишинёв,  Кишинёв мун.",,Агентство,1-комнатная квартира,Eвроремонт
,,Квартира с ливингом,https://999.md/ru/104110189?clickToken=eyJhbGciOiJIUzI1NiIsInR5cCI6IkpXVCJ9.eyJleHAiOjE3NzY3MTE4MzYsIkMiOnsiciI6MSwiYiI6MTQwLCJjIjoyNzAsInoiOjE0MDQsImEiOiIxMDQxMTAxODkiLCJpIjoiODkuMTQ5LjkzLjEzOSIsInMiOiJkZXNrdG9wIiwicCI6ImFkc19saXN0X2Zvb3RlciIsIngiOiIiLCJsIjoiNDMzNjRlM2YtM2Q4Yy00Yjc5LTgwZTAtZTZiNjVjMGE3YmJkIiwiZSI6Ijg5LjE0OS45My4xMzkiLCJnIjoibGl0ZSIsInQiOiIyMDI2LTA0LTIwVDE4OjAzOjU2LjI1Nzc2NjcxM1oifX0.s_NFQfS_fMfGNAr9WflxYcTvqsRWfi23XaZW0OuIUnY&placement=ADS_LIST_FOOTER_REDESIGN&adType=booster&location=subcategory&index=2,,,,9,,,750 €,11,70 м²,"Кишинёв мун., Кишинёв, Чокана, bd. Mircea cel Bătrân, 45",104110189,Новострой,,,"2-х комнатная квартира,  Чокана,  Кишинёв,  Кишинёв мун.",Сниму,Частное лицо,2-х комнатная квартира,
,Индивидуальная,,https://999.md/ru/37527564?clickToken=eyJhbGciOiJIUzI1NiIsInR5cCI6IkpXVCJ9.eyJleHAiOjE3NzY3MTE4MzYsIkMiOnsiciI6MSwiYiI6MTAwLCJjIjoyNzAsInoiOjE0MDQsImEiOiIzNzUyNzU2NCIsImkiOiI4OS4xNDkuOTMuMTM5IiwicyI6ImRlc2t0b3AiLCJwIjoiYWRzX2xpc3RfZm9vdGVyIiwieCI6IiIsImwiOiJjYjE3ZDNmMi00NGJhLTQ0YTUtYjk5NS03NmViYTc0Y2IzMTYiLCJlIjoiODkuMTQ5LjkzLjEzOSIsInQiOiIyMDI2LTA0LTIwVDE4OjAzOjU2LjI1NzgzNDMzNloifX0.J6uyeiSJO8fL3OvBCnbCJxYjJStGsT1zDtWiQH6F1dg&placement=ADS_LIST_FOOTER_REDESIGN&adType=booster&location=subcategory&index=3,,15 м²,Oткрытое,9,,3 см,25 €,10,45 м²,"Кишинёв мун., Кишинёв, Центр, str. Ismail, 88",37527564,Новострой,Mонолитный,30 м²,"1-комнатная квартира,  Центр,  Кишинёв,  Кишинёв мун.",Сдаю посуточно,Застройщик,1-комнатная квартира,Eвроремонт
1,,,https://999.md/ru/104011021?clickToken=eyJhbGciOiJIUzI1NiIsInR5cCI6IkpXVCJ9.eyJleHAiOjE3NzY3MTE4MzYsIkMiOnsiciI6MSwiYiI6MTAwLCJjIjoyNzAsInoiOjE0MDQsImEiOiIxMDQwMTEwMjEiLCJpIjoiODkuMTQ5LjkzLjEzOSIsInMiOiJkZXNrdG9wIiwicCI6ImFkc19saXN0X2Zvb3RlciIsIngiOiJwcmVtaXVtIiwibCI6IjAwNzEwZTk4LTNkZGEtNDYzYi05YzNiLTBlNzBhMjViNzAzYyIsImUiOiI4OS4xNDkuOTMuMTM5IiwidCI6IjIwMjYtMDQtMjBUMTg6MDM6NTYuMjU3ODc5OTQ0WiJ9fQ.aXB-pwvmjtjCj9wg6p6rsLlSASKrX1HzNn_O8oQU-as&placement=ADS_LIST_FOOTER_REDESIGN&adType=booster&location=subcategory&index=4,Inamstro,,Подземная,5,1,,1 000 €,6,70 м²,"Кишинёв мун., Кишинёв, Буюканы, str. Liviu Deleanu, 10",104011021,Новострой,,,"3-х комнатная квартира,  Буюканы,  Кишинёв,  Кишинёв мун.",Сдаю помесячно,Агентство,3-х комнатная квартира,Eвроремонт
1,,,https://999.md/ru/104103537?clickToken=eyJhbGciOiJIUzI1NiIsInR5cCI6IkpXVCJ9.eyJleHAiOjE3NzY3MTE4MzYsIkMiOnsiciI6MSwiYiI6MTQwLCJjIjoyNzAsInoiOjE0MDQsImEiOiIxMDQxMDM1MzciLCJpIjoiODkuMTQ5LjkzLjEzOSIsInMiOiJkZXNrdG9wIiwicCI6ImFkc19saXN0X2Zvb3RlciIsIngiOiIiLCJsIjoiYTU2YjMzNTMtYWVmMy00YWM1LThjZjAtNWViNThjM2JhNTcyIiwiZSI6Ijg5LjE0OS45My4xMzkiLCJnIjoibGl0ZSIsInQiOiIyMDI2LTA0LTIwVDE4OjAzOjU2LjI1Nzk2Nzk1NVoifX0.eKKaoGE02M3ScSD_2zcNB9KruIQJ44T9gCqcpiZdQ3w&placement=ADS_LIST_FOOTER_REDESIGN&adType=booster&location=subcategory&index=5,,,Oткрытое,5,,,95 900 €,9,42 м²,"Кишинёв мун., Дурлешты, Центр, str. Regele Carol, 1",104103537,Новострой,,,"1-комнатная квартира,  Центр,  Дурлешты,  Кишинёв мун.",,Агентство,1-комнатная квартира,Eвроремонт
,Индивидуальная,,https://999.md/ru/37695960?clickToken=eyJhbGciOiJIUzI1NiIsInR5cCI6IkpXVCJ9.eyJleHAiOjE3NzY3MTE4MzYsIkMiOnsiciI6MSwiYiI6MTAwLCJjIjoyNzAsInoiOjE0MDQsImEiOiIzNzY5NTk2MCIsImkiOiI4OS4xNDkuOTMuMTM5IiwicyI6ImRlc2t0b3AiLCJwIjoiYWRzX2xpc3RfZm9vdGVyIiwieCI6IiIsImwiOiJjYjE3ZDNmMi00NGJhLTQ0YTUtYjk5NS03NmViYTc0Y2IzMTYiLCJlIjoiODkuMTQ5LjkzLjEzOSIsInQiOiIyMDI2LTA0LTIwVDE4OjAzOjU2LjI1Nzk5NjY4OVoifX0.4T1B3l3TI-D7s7gJlSpGEcqmyII39QvCVxmD6_tY2Sc&placement=ADS_LIST_FOOTER_REDESIGN&adType=booster&location=subcategory&index=6,,15 м²,Oткрытое,7,,3 см,25 €,10,45 м²,"Кишинёв мун., Кишинёв, Центр, str. Ismail, 88",37695960,Новострой,Mонолитный,30 м²,"1-комнатная квартира,  Центр,  Кишинёв,  Кишинёв мун.",Сдаю посуточно,Застройщик,1-комнатная квартира,Eвроремонт
1,,Квартира без ливинга,https://999.md/ru/103887006?clickToken=eyJhbGciOiJIUzI1NiIsInR5cCI6IkpXVCJ9.eyJleHAiOjE3NzY3MTE4MzYsIkMiOnsiciI6MSwiYiI6MTQwLCJjIjoyNzAsInoiOjE0MDQsImEiOiIxMDM4ODcwMDYiLCJpIjoiODkuMTQ5LjkzLjEzOSIsInMiOiJkZXNrdG9wIiwicCI6ImFkc19saXN0X2Zvb3RlciIsIngiOiJwcm8iLCJsIjoiNjJkOTNiYjUtNDI5YS00MWYyLWI2ZmUtZDRmNDkyNDYyODMwIiwiZSI6Ijg5LjE0OS45My4xMzkiLCJnIjoibGl0ZSIsInQiOiIyMDI2LTA0LTIwVDE4OjAzOjU2LjI1ODAxMTA3OVoifX0.muKytzd73MeT8qWy9efryFgg9QBhVzRL6AMdRSTxBZk&placement=ADS_LIST_FOOTER_REDESIGN&adType=booster&location=subcategory&index=7,,,,5,2,,85 000 €,5,60 м²,"Кишинёв мун., Кишинёв, Рышкановка, str. Dumitru Rîșcanu, 33/1",103887006,Вторичный,Kотельцовый,,"2-х комнатная квартира,  Рышкановка,  Кишинёв,  Кишинёв мун.",Продам,Частное лицо,2-х комнатная квартира,
1,Индивидуальная,Квартира с ливингом,https://999.md/ru/103928056?clickToken=eyJhbGciOiJIUzI1NiIsInR5cCI6IkpXVCJ9.eyJleHAiOjE3NzY3MTE4MzYsIkMiOnsiciI6MSwiYiI6MTgwLCJjIjoyNzAsInoiOjE0MDQsImEiOiIxMDM5MjgwNTYiLCJpIjoiODkuMTQ5LjkzLjEzOSIsInMiOiJkZXNrdG9wIiwicCI6ImFkc19saXN0X2Zvb3RlciIsIngiOiJwcm8iLCJsIjoiNmYzYzVkYzUtOTMwOC00ODUwLTg4ZDQtZTZhZDgxMjI4NjgwIiwiZSI6Ijg5LjE0OS45My4xMzkiLCJnIjoidHVyYm8iLCJ0IjoiMjAyNi0wNC0yMFQxODowMzo1Ni4yNTgwMzU5NjhaIn19.rx4niD9bYbvQNXa6yr_Md5xGdzUUory175MqMwUWwfg&placement=ADS_LIST_FOOTER_REDESIGN&adType=booster&location=subcategory&index=8,,27 м²,Гараж,6,1,2800 см,175 000 €,8,77 м²,"Кишинёв мун., Кишинёв, Рышкановка, str. Socoleni, 2A",103928056,Новострой,Kирпичный,34 м²,"2-х комнатная квартира,  Рышкановка,  Кишинёв,  Кишинёв мун.",Продам,Частное лицо,2-х комнатная квартира,Eвроремонт
,,Квартира с ливингом,https://999.md/ru/103136717?clickToken=eyJhbGciOiJIUzI1NiIsInR5cCI6IkpXVCJ9.eyJleHAiOjE3NzY3MTE4MzYsIkMiOnsiciI6MSwiYiI6MTQwLCJjIjoyNzAsInoiOjE0MDQsImEiOiIxMDMxMzY3MTciLCJpIjoiODkuMTQ5LjkzLjEzOSIsInMiOiJkZXNrdG9wIiwicCI6ImFkc19saXN0X2Zvb3RlciIsIngiOiIiLCJsIjoiMjUwODk2MzEtZTc3OS00MzUxLWFlMWQtOTNhY2YyNTMyM2ZmIiwiZSI6Ijg5LjE0OS45My4xMzkiLCJnIjoibGl0ZSIsInQiOiIyMDI2LTA0LTIwVDE4OjAzOjU2LjI1ODE1OTI3WiJ9fQ.Efzkqo3A_YU3lK2XhudHfh7m7FSZSsuAgN6olZqtU6U&placement=ADS_LIST_FOOTER_REDESIGN&adType=booster&location=subcategory&index=9,,,,9,,,650 €,13,40 м²,"Кишинёв мун., Кишинёв, Центр, bd. Renașterii Naționale, 10",103136717,Новострой,,,"Комната,  Центр,  Кишинёв,  Кишинёв мун.",Сдаю помесячно,Частное лицо,Комната,Индивидуальный дизайн
1,,Квартира с ливингом,https://999.md/ru/104018272?clickToken=eyJhbGciOiJIUzI1NiIsInR5cCI6IkpXVCJ9.eyJleHAiOjE3NzY3MTE4MzYsIkMiOnsiciI6MSwiYiI6MTQwLCJjIjoyNzAsInoiOjE0MDQsImEiOiIxMDQwMTgyNzIiLCJpIjoiODkuMTQ5LjkzLjEzOSIsInMiOiJkZXNrdG9wIiwicCI6ImFkc19saXN0X2Zvb3RlciIsIngiOiIiLCJsIjoiZDkyOGQ1YzctYWVjOS00M2M2LThhYjEtNDBiYWI0M2YzNDEzIiwiZSI6Ijg5LjE0OS45My4xMzkiLCJnIjoibGl0ZSIsInQiOiIyMDI2LTA0LTIwVDE4OjAzOjU2LjI1ODIwMjc1OVoifX0.0GdvMBmxsuQCQEv7OVfX2I2Z9qIaAzwQn5smYdWoQ8I&placement=ADS_LIST_FOOTER_REDESIGN&adType=booster&location=subcategory&index=10,,,Oткрытое,2,1,,90 000 €,5,50 м²,"Кишинёв мун., Кишинёв, Чокана, str. Movileni, 26",104018272,Новострой,,,"2-х комнатная квартира,  Чокана,  Кишинёв,  Кишинёв мун.",Продам,Частное лицо,2-х комнатная квартира,Eвроремонт
,,Квартира с ливингом,https://999.md/ru/101794818?clickToken=eyJhbGciOiJIUzI1NiIsInR5cCI6IkpXVCJ9.eyJleHAiOjE3NzY3MTE4MzYsIkMiOnsiciI6MSwiYiI6MTgwLCJjIjoyNzAsInoiOjE0MDQsImEiOiIxMDE3OTQ4MTgiLCJpIjoiODkuMTQ5LjkzLjEzOSIsInMiOiJkZXNrdG9wIiwicCI6ImFkc19saXN0X2Zvb3RlciIsIngiOiJwcmVtaXVtIiwibCI6ImNkMjVlNDlkLTBiNDgtNDEzZi05YWIwLWFjZTRhY2Q1ZmQ3OSIsImUiOiI4OS4xNDkuOTMuMTM5IiwiZyI6InR1cmJvIiwidCI6IjIwMjYtMDQtMjBUMTg6MDM6NTYuMjU4MjY2MzQ2WiJ9fQ.by6Y1RDEmis3ZLL474k1IdbzhPol0Q3SblwJAsf4YYw&placement=ADS_LIST_FOOTER_REDESIGN&adType=booster&location=subcategory&index=11,Solomon Construct Imobil,,,5,,290 см,79 123 €,9,72 м²,"Кишинёв мун., Дурлешты, Центр, str. Nicolae Dimo, 24a",101794818,Новострой,,,"2-х комнатная квартира,  Центр,  Дурлешты,  Кишинёв мун.",Продам,Застройщик,2-х комнатная квартира,Незавершенное cтроительство
1,,,https://999.md/ru/74218641?clickToken=eyJhbGciOiJIUzI1NiIsInR5cCI6IkpXVCJ9.eyJleHAiOjE3NzY3MTE4MzYsIkMiOnsiciI6MSwiYiI6MTAwLCJjIjoyNzAsInoiOjE0MDQsImEiOiI3NDIxODY0MSIsImkiOiI4OS4xNDkuOTMuMTM5IiwicyI6ImRlc2t0b3AiLCJwIjoiYWRzX2xpc3RfZm9vdGVyIiwieCI6InByZW1pdW0iLCJsIjoiYWU5NDFlNGItMTgwZS00ZWNhLWE5MTYtM2FlZWEyY2IzMGYxIiwiZSI6Ijg5LjE0OS45My4xMzkiLCJ0IjoiMjAyNi0wNC0yMFQxODowMzo1Ni4yNTgzMTA3NjRaIn19.Pmn8Fw-c-NyQYDRVAonNov2D5JHAXHu1iR8K_LO0Rbo&placement=ADS_LIST_FOOTER_REDESIGN&adType=booster&location=subcategory&index=12,Astercon,13 м²,Гараж,9,2,275 см,121 075 €,9,84 м²,"Кишинёв мун., Дурлешты, Центр, str. Durlesti, 10/B",74218641,Новострой,Kотельцовый,,"3-х комнатная квартира,  Центр,  Дурлешты,  Кишинёв мун.",Продам,Застройщик,3-х комнатная квартира,Белый вариант
1,,,https://999.md/ru/102719873?clickToken=eyJhbGciOiJIUzI1NiIsInR5cCI6IkpXVCJ9.eyJleHAiOjE3NzY3MTE4MzYsIkMiOnsiciI6MSwiYiI6MTQwLCJjIjoyNzAsInoiOjE0MDQsImEiOiIxMDI3MTk4NzMiLCJpIjoiODkuMTQ5LjkzLjEzOSIsInMiOiJkZXNrdG9wIiwicCI6ImFkc19saXN0X2Zvb3RlciIsIngiOiIiLCJsIjoiMmI3MjU4OGYtMzBhZi00OWIzLWE2ZTUtZjcyNjExZGFiYzRjIiwiZSI6Ijg5LjE0OS45My4xMzkiLCJnIjoibGl0ZSIsInQiOiIyMDI2LTA0LTIwVDE4OjAzOjU2LjI1NzcyOTg1MloifX0.aEJhy93nQ4SgyZDLbNtVJbLUKU_-s74immqYVGl0cps&placement=ADS_LIST_FOOTER_REDESIGN&adType=booster&location=subcategory&index=1,,,,2,1,,799 MDL,14,55 м²,"Кишинёв мун., Кишинёв, Ботаника, str. Belgrad, 19",102719873,Новострой,Бетон,,"1-комнатная квартира,  Ботаника,  Кишинёв,  Кишинёв мун.",Сдаю посуточно,Агентство,1-комнатная квартира,Eвроремонт
,,Квартира с ливингом,https://999.md/ru/104110189?clickToken=eyJhbGciOiJIUzI1NiIsInR5cCI6IkpXVCJ9.eyJleHAiOjE3NzY3MTE4MzYsIkMiOnsiciI6MSwiYiI6MTQwLCJjIjoyNzAsInoiOjE0MDQsImEiOiIxMDQxMTAxODkiLCJpIjoiODkuMTQ5LjkzLjEzOSIsInMiOiJkZXNrdG9wIiwicCI6ImFkc19saXN0X2Zvb3RlciIsIngiOiIiLCJsIjoiNDMzNjRlM2YtM2Q4Yy00Yjc5LTgwZTAtZTZiNjVjMGE3YmJkIiwiZSI6Ijg5LjE0OS45My4xMzkiLCJnIjoibGl0ZSIsInQiOiIyMDI2LTA0LTIwVDE4OjAzOjU2LjI1Nzc2NjcxM1oifX0.s_NFQfS_fMfGNAr9WflxYcTvqsRWfi23XaZW0OuIUnY&placement=ADS_LIST_FOOTER_REDESIGN&adType=booster&location=subcategory&index=2,,,,9,,,750 €,11,70 м²,"Кишинёв мун., Кишинёв, Чокана, bd. Mircea cel Bătrân, 45",104110189,Новострой,,,"2-х комнатная квартира,  Чокана,  Кишинёв,  Кишинёв мун.",Сниму,Частное лицо,2-х комнатная квартира,
,Индивидуальная,,https://999.md/ru/37527564?clickToken=eyJhbGciOiJIUzI1NiIsInR5cCI6IkpXVCJ9.eyJleHAiOjE3NzY3MTE4MzYsIkMiOnsiciI6MSwiYiI6MTAwLCJjIjoyNzAsInoiOjE0MDQsImEiOiIzNzUyNzU2NCIsImkiOiI4OS4xNDkuOTMuMTM5IiwicyI6ImRlc2t0b3AiLCJwIjoiYWRzX2xpc3RfZm9vdGVyIiwieCI6IiIsImwiOiJjYjE3ZDNmMi00NGJhLTQ0YTUtYjk5NS03NmViYTc0Y2IzMTYiLCJlIjoiODkuMTQ5LjkzLjEzOSIsInQiOiIyMDI2LTA0LTIwVDE4OjAzOjU2LjI1NzgzNDMzNloifX0.J6uyeiSJO8fL3OvBCnbCJxYjJStGsT1zDtWiQH6F1dg&placement=ADS_LIST_FOOTER_REDESIGN&adType=booster&location=subcategory&index=3,,15 м²,Oткрытое,9,,3 см,25 €,10,45 м²,"Кишинёв мун., Кишинёв, Центр, str. Ismail, 88",37527564,Новострой,Mонолитный,30 м²,"1-комнатная квартира,  Центр,  Кишинёв,  Кишинёв мун.",Сдаю посуточно,Застройщик,1-комнатная квартира,Eвроремонт
1,,,https://999.md/ru/104011021?clickToken=eyJhbGciOiJIUzI1NiIsInR5cCI6IkpXVCJ9.eyJleHAiOjE3NzY3MTE4MzYsIkMiOnsiciI6MSwiYiI6MTAwLCJjIjoyNzAsInoiOjE0MDQsImEiOiIxMDQwMTEwMjEiLCJpIjoiODkuMTQ5LjkzLjEzOSIsInMiOiJkZXNrdG9wIiwicCI6ImFkc19saXN0X2Zvb3RlciIsIngiOiJwcmVtaXVtIiwibCI6IjAwNzEwZTk4LTNkZGEtNDYzYi05YzNiLTBlNzBhMjViNzAzYyIsImUiOiI4OS4xNDkuOTMuMTM5IiwidCI6IjIwMjYtMDQtMjBUMTg6MDM6NTYuMjU3ODc5OTQ0WiJ9fQ.aXB-pwvmjtjCj9wg6p6rsLlSASKrX1HzNn_O8oQU-as&placement=ADS_LIST_FOOTER_REDESIGN&adType=booster&location=subcategory&index=4,Inamstro,,Подземная,5,1,,1 000 €,6,70 м²,"Кишинёв мун., Кишинёв, Буюканы, str. Liviu Deleanu, 10",104011021,Новострой,,,"3-х комнатная квартира,  Буюканы,  Кишинёв,  Кишинёв мун.",Сдаю помесячно,Агентство,3-х комнатная квартира,Eвроремонт
1,,,https://999.md/ru/104103537?clickToken=eyJhbGciOiJIUzI1NiIsInR5cCI6IkpXVCJ9.eyJleHAiOjE3NzY3MTE4MzYsIkMiOnsiciI6MSwiYiI6MTQwLCJjIjoyNzAsInoiOjE0MDQsImEiOiIxMDQxMDM1MzciLCJpIjoiODkuMTQ5LjkzLjEzOSIsInMiOiJkZXNrdG9wIiwicCI6ImFkc19saXN0X2Zvb3RlciIsIngiOiIiLCJsIjoiYTU2YjMzNTMtYWVmMy00YWM1LThjZjAtNWViNThjM2JhNTcyIiwiZSI6Ijg5LjE0OS45My4xMzkiLCJnIjoibGl0ZSIsInQiOiIyMDI2LTA0LTIwVDE4OjAzOjU2LjI1Nzk2Nzk1NVoifX0.eKKaoGE02M3ScSD_2zcNB9KruIQJ44T9gCqcpiZdQ3w&placement=ADS_LIST_FOOTER_REDESIGN&adType=booster&location=subcategory&index=5,,,Oткрытое,5,,,95 900 €,9,42 м²,"Кишинёв мун., Дурлешты, Центр, str. Regele Carol, 1",104103537,Новострой,,,"1-комнатная квартира,  Центр,  Дурлешты,  Кишинёв мун.",Продам,Агентство,1-комнатная квартира,Eвроремонт
,Индивидуальная,,https://999.md/ru/37695960?clickToken=eyJhbGciOiJIUzI1NiIsInR5cCI6IkpXVCJ9.eyJleHAiOjE3NzY3MTE4MzYsIkMiOnsiciI6MSwiYiI6MTAwLCJjIjoyNzAsInoiOjE0MDQsImEiOiIzNzY5NTk2MCIsImkiOiI4OS4xNDkuOTMuMTM5IiwicyI6ImRlc2t0b3AiLCJwIjoiYWRzX2xpc3RfZm9vdGVyIiwieCI6IiIsImwiOiJjYjE3ZDNmMi00NGJhLTQ0YTUtYjk5NS03NmViYTc0Y2IzMTYiLCJlIjoiODkuMTQ5LjkzLjEzOSIsInQiOiIyMDI2LTA0LTIwVDE4OjAzOjU2LjI1Nzk5NjY4OVoifX0.4T1B3l3TI-D7s7gJlSpGEcqmyII39QvCVxmD6_tY2Sc&placement=ADS_LIST_FOOTER_REDESIGN&adType=booster&location=subcategory&index=6,,15 м²,Oткрытое,7,,3 см,25 €,10,45 м²,"Кишинёв мун., Кишинёв, Центр, str. Ismail, 88",37695960,Новострой,Mонолитный,30 м²,"1-комнатная квартира,  Центр,  Кишинёв,  Кишинёв мун.",Сдаю посуточно,Застройщик,1-комнатная квартира,Eвроремонт
1,,Квартира без ливинга,https://999.md/ru/103887006?clickToken=eyJhbGciOiJIUzI1NiIsInR5cCI6IkpXVCJ9.eyJleHAiOjE3NzY3MTE4MzYsIkMiOnsiciI6MSwiYiI6MTQwLCJjIjoyNzAsInoiOjE0MDQsImEiOiIxMDM4ODcwMDYiLCJpIjoiODkuMTQ5LjkzLjEzOSIsInMiOiJkZXNrdG9wIiwicCI6ImFkc19saXN0X2Zvb3RlciIsIngiOiJwcm8iLCJsIjoiNjJkOTNiYjUtNDI5YS00MWYyLWI2ZmUtZDRmNDkyNDYyODMwIiwiZSI6Ijg5LjE0OS45My4xMzkiLCJnIjoibGl0ZSIsInQiOiIyMDI2LTA0LTIwVDE4OjAzOjU2LjI1ODAxMTA3OVoifX0.muKytzd73MeT8qWy9efryFgg9QBhVzRL6AMdRSTxBZk&placement=ADS_LIST_FOOTER_REDESIGN&adType=booster&location=subcategory&index=7,,,,5,2,,85 000 €,5,60 м²,"Кишинёв мун., Кишинёв, Рышкановка, str. Dumitru Rîșcanu, 33/1",103887006,Вторичный,Kотельцовый,,"2-х комнатная квартира,  Рышкановка,  Кишинёв,  Кишинёв мун.",Продам,Частное лицо,2-х комнатная квартира,
1,Индивидуальная,Квартира с ливингом,https://999.md/ru/103928056?clickToken=eyJhbGciOiJIUzI1NiIsInR5cCI6IkpXVCJ9.eyJleHAiOjE3NzY3MTE4MzYsIkMiOnsiciI6MSwiYiI6MTgwLCJjIjoyNzAsInoiOjE0MDQsImEiOiIxMDM5MjgwNTYiLCJpIjoiODkuMTQ5LjkzLjEzOSIsInMiOiJkZXNrdG9wIiwicCI6ImFkc19saXN0X2Zvb3RlciIsIngiOiJwcm8iLCJsIjoiNmYzYzVkYzUtOTMwOC00ODUwLTg4ZDQtZTZhZDgxMjI4NjgwIiwiZSI6Ijg5LjE0OS45My4xMzkiLCJnIjoidHVyYm8iLCJ0IjoiMjAyNi0wNC0yMFQxODowMzo1Ni4yNTgwMzU5NjhaIn19.rx4niD9bYbvQNXa6yr_Md5xGdzUUory175MqMwUWwfg&placement=ADS_LIST_FOOTER_REDESIGN&adType=booster&location=subcategory&index=8,,27 м²,Гараж,6,1,2800 см,175 000 €,8,77 м²,"Кишинёв мун., Кишинёв, Рышкановка, str. Socoleni, 2A",103928056,Новострой,Kирпичный,34 м²,"2-х комнатная квартира,  Рышкановка,  Кишинёв,  Кишинёв мун.",Продам,Частное лицо,2-х комнатная квартира,Eвроремонт
,,Квартира с ливингом,https://999.md/ru/103136717?clickToken=eyJhbGciOiJIUzI1NiIsInR5cCI6IkpXVCJ9.eyJleHAiOjE3NzY3MTE4MzYsIkMiOnsiciI6MSwiYiI6MTQwLCJjIjoyNzAsInoiOjE0MDQsImEiOiIxMDMxMzY3MTciLCJpIjoiODkuMTQ5LjkzLjEzOSIsInMiOiJkZXNrdG9wIiwicCI6ImFkc19saXN0X2Zvb3RlciIsIngiOiIiLCJsIjoiMjUwODk2MzEtZTc3OS00MzUxLWFlMWQtOTNhY2YyNTMyM2ZmIiwiZSI6Ijg5LjE0OS45My4xMzkiLCJnIjoibGl0ZSIsInQiOiIyMDI2LTA0LTIwVDE4OjAzOjU2LjI1ODE1OTI3WiJ9fQ.Efzkqo3A_YU3lK2XhudHfh7m7FSZSsuAgN6olZqtU6U&placement=ADS_LIST_FOOTER_REDESIGN&adType=booster&location=subcategory&index=9,,,,9,,,650 €,13,40 м²,"Кишинёв мун., Кишинёв, Центр, bd. Renașterii Naționale, 10",103136717,Новострой,,,"Комната,  Центр,  Кишинёв,  Кишинёв мун.",Сдаю помесячно,Частное лицо,Комната,Индивидуальный дизайн
1,,Квартира с ливингом,https://999.md/ru/104018272?clickToken=eyJhbGciOiJIUzI1NiIsInR5cCI6IkpXVCJ9.eyJleHAiOjE3NzY3MTE4MzYsIkMiOnsiciI6MSwiYiI6MTQwLCJjIjoyNzAsInoiOjE0MDQsImEiOiIxMDQwMTgyNzIiLCJpIjoiODkuMTQ5LjkzLjEzOSIsInMiOiJkZXNrdG9wIiwicCI6ImFkc19saXN0X2Zvb3RlciIsIngiOiIiLCJsIjoiZDkyOGQ1YzctYWVjOS00M2M2LThhYjEtNDBiYWI0M2YzNDEzIiwiZSI6Ijg5LjE0OS45My4xMzkiLCJnIjoibGl0ZSIsInQiOiIyMDI2LTA0LTIwVDE4OjAzOjU2LjI1ODIwMjc1OVoifX0.0GdvMBmxsuQCQEv7OVfX2I2Z9qIaAzwQn5smYdWoQ8I&placement=ADS_LIST_FOOTER_REDESIGN&adType=booster&location=subcategory&index=10,,,Oткрытое,2,1,,90 000 €,5,50 м²,"Кишинёв мун., Кишинёв, Чокана, str. Movileni, 26",104018272,Новострой,,,"2-х комнатная квартира,  Чокана,  Кишинёв,  Кишинёв мун.",Продам,Частное лицо,2-х комнатная квартира,Eвроремонт
,,Квартира с ливингом,https://999.md/ru/101794818?clickToken=eyJhbGciOiJIUzI1NiIsInR5cCI6IkpXVCJ9.eyJleHAiOjE3NzY3MTE4MzYsIkMiOnsiciI6MSwiYiI6MTgwLCJjIjoyNzAsInoiOjE0MDQsImEiOiIxMDE3OTQ4MTgiLCJpIjoiODkuMTQ5LjkzLjEzOSIsInMiOiJkZXNrdG9wIiwicCI6ImFkc19saXN0X2Zvb3RlciIsIngiOiJwcmVtaXVtIiwibCI6ImNkMjVlNDlkLTBiNDgtNDEzZi05YWIwLWFjZTRhY2Q1ZmQ3OSIsImUiOiI4OS4xNDkuOTMuMTM5IiwiZyI6InR1cmJvIiwidCI6IjIwMjYtMDQtMjBUMTg6MDM6NTYuMjU4MjY2MzQ2WiJ9fQ.by6Y1RDEmis3ZLL474k1IdbzhPol0Q3SblwJAsf4YYw&placement=ADS_LIST_FOOTER_REDESIGN&adType=booster&location=subcategory&index=11,Solomon Construct Imobil,,,5,,290 см,79 123 €,9,72 м²,"Кишинёв мун., Дурлешты, Центр, str. Nicolae Dimo, 24a",101794818,Новострой,,,"2-х комнатная квартира,  Центр,  Дурлешты,  Кишинёв мун.",Продам,Застройщик,2-х комнатная квартира,Незавершенное cтроительство
1,,,https://999.md/ru/74218641?clickToken=eyJhbGciOiJIUzI1NiIsInR5cCI6IkpXVCJ9.eyJleHAiOjE3NzY3MTE4MzYsIkMiOnsiciI6MSwiYiI6MTAwLCJjIjoyNzAsInoiOjE0MDQsImEiOiI3NDIxODY0MSIsImkiOiI4OS4xNDkuOTMuMTM5IiwicyI6ImRlc2t0b3AiLCJwIjoiYWRzX2xpc3RfZm9vdGVyIiwieCI6InByZW1pdW0iLCJsIjoiYWU5NDFlNGItMTgwZS00ZWNhLWE5MTYtM2FlZWEyY2IzMGYxIiwiZSI6Ijg5LjE0OS45My4xMzkiLCJ0IjoiMjAyNi0wNC0yMFQxODowMzo1Ni4yNTgzMTA3NjRaIn19.Pmn8Fw-c-NyQYDRVAonNov2D5JHAXHu1iR8K_LO0Rbo&placement=ADS_LIST_FOOTER_REDESIGN&adType=booster&location=subcategory&index=12,Astercon,13 м²,Гараж,9,2,275 см,121 075 €,9,84 м²,"Кишинёв мун., Дурлешты, Центр, str. Durlesti, 10/B",74218641,Новострой,Kотельцовый,,"3-х комнатная квартира,  Центр,  Дурлешты,  Кишинёв мун.",Продам,Застройщик,3-х комнатная квартира,Белый вариант
